photo_unit,necrosis_prop,slough_prop,granulation_prop
0,0.47479248046875,0.39935302734375,0.1258544921875
1,0.24761962890625,0.51702880859375,0.2353515625
2,0.25396728515625,0.2103271484375,0.53570556640625
3,0.297607421875,0.302490234375,0.39990234375
4,0.2593994140625,0.43829345703125,0.30230712890625
5,0.267333984375,0.35833740234375,0.37432861328125
6,0.32080078125,0.29052734375,0.388671875
7,0.35748291015625,0.4271240234375,0.21539306640625
9,0.23406982421875,0.3714599609375,0.39447021484375
10,0.3232421875,0.43914794921875,0.23760986328125
11,0.24029541015625,0.3177490234375,0.44195556640625
12,0.1170654296875,0.622314453125,0.2606201171875
13,0.2659912109375,0.559814453125,0.1741943359375
14,0.285888671875,0.4083251953125,0.3057861328125
15,0.17755126953125,0.5880126953125,0.23443603515625
16,0.5032958984375,0.1661376953125,0.33056640625
17,0.344970703125,0.24267578125,0.412353515625
18,0.25982666015625,0.4437255859375,0.29644775390625
19,0.32745361328125,0.4044189453125,0.26812744140625
20,0.440185546875,0.341796875,0.218017578125
21,0.45489501953125,0.40997314453125,0.1351318359375
22,0.26611328125,0.36773681640625,0.36614990234375
23,0.20086669921875,0.55047607421875,0.2486572265625
24,0.3004150390625,0.42071533203125,0.27886962890625
25,0.33154296875,0.503173828125,0.165283203125
26,0.17156982421875,0.4266357421875,0.40179443359375
27,0.34136962890625,0.2110595703125,0.44757080078125
28,0.2607421875,0.4892578125,0.25
29,0.2322998046875,0.290283203125,0.4774169921875
30,0.43768310546875,0.28076171875,0.28155517578125
31,0.576171875,0.3167724609375,0.1070556640625
32,0.29071044921875,0.5003662109375,0.20892333984375
33,0.40496826171875,0.40484619140625,0.190185546875
34,0.3785400390625,0.38360595703125,0.23785400390625
35,0.37921142578125,0.38946533203125,0.2313232421875
36,0.3155517578125,0.37127685546875,0.31317138671875
37,0.4298095703125,0.41412353515625,0.15606689453125
38,0.32525634765625,0.392822265625,0.28192138671875
39,0.475341796875,0.25994873046875,0.26470947265625
40,0.139892578125,0.5035400390625,0.3565673828125
41,0.2880859375,0.4609375,0.2509765625
42,0.1810302734375,0.6402587890625,0.1787109375
43,0.37066650390625,0.2620849609375,0.36724853515625
44,0.47076416015625,0.44647216796875,0.082763671875
45,0.42108154296875,0.3468017578125,0.23211669921875
46,0.478759765625,0.31683349609375,0.20440673828125
47,0.2601318359375,0.63885498046875,0.10101318359375
48,0.360107421875,0.30706787109375,0.33282470703125
49,0.107421875,0.49578857421875,0.39678955078125
50,0.2484130859375,0.52392578125,0.2276611328125
51,0.32965087890625,0.58367919921875,0.086669921875
52,0.44781494140625,0.158447265625,0.39373779296875
53,0.4072265625,0.4796142578125,0.1131591796875
54,0.27001953125,0.3359375,0.39404296875
55,0.24676513671875,0.476318359375,0.27691650390625
56,0.16876220703125,0.40093994140625,0.4302978515625
57,0.1571044921875,0.6805419921875,0.162353515625
58,0.18304443359375,0.71527099609375,0.1016845703125
59,0.335205078125,0.23651123046875,0.42828369140625
60,0.22052001953125,0.4576416015625,0.32183837890625
61,0.1834716796875,0.5714111328125,0.2451171875
62,0.3355712890625,0.45306396484375,0.21136474609375
63,0.5377197265625,0.36773681640625,0.09454345703125
64,0.2999267578125,0.0848388671875,0.615234375
65,0.33123779296875,0.4298095703125,0.23895263671875
66,0.0452880859375,0.436279296875,0.5184326171875
67,0.2322998046875,0.513427734375,0.2542724609375
68,0.12786865234375,0.38958740234375,0.4825439453125
69,0.39599609375,0.1849365234375,0.4190673828125
70,0.45928955078125,0.3148193359375,0.22589111328125
71,0.26605224609375,0.48394775390625,0.25
72,0.3389892578125,0.17864990234375,0.48236083984375
73,0.21612548828125,0.481689453125,0.30218505859375
74,0.03619384765625,0.58294677734375,0.380859375
75,0.3046875,0.576171875,0.119140625
76,0.3077392578125,0.3572998046875,0.3349609375
77,0.25238037109375,0.33807373046875,0.4095458984375
78,0.09014892578125,0.4613037109375,0.44854736328125
79,0.5396728515625,0.3443603515625,0.115966796875
80,0.56573486328125,0.33349609375,0.10076904296875
81,0.3463134765625,0.46099853515625,0.19268798828125
82,0.33721923828125,0.3284912109375,0.33428955078125
83,0.305419921875,0.2767333984375,0.4178466796875
84,0.2373046875,0.50738525390625,0.25531005859375
85,0.3328857421875,0.4166259765625,0.25048828125
86,0.3109130859375,0.4013671875,0.2877197265625
87,0.217529296875,0.40093994140625,0.38153076171875
88,0.243896484375,0.26654052734375,0.48956298828125
89,0.48016357421875,0.1832275390625,0.33660888671875
90,0.4345703125,0.1011962890625,0.4642333984375
91,0.41180419921875,0.4796142578125,0.10858154296875
92,0.41925048828125,0.24468994140625,0.3360595703125
93,0.3660888671875,0.44488525390625,0.18902587890625
94,0.46429443359375,0.30010986328125,0.235595703125
95,0.388427734375,0.2650146484375,0.3465576171875
96,0.1993408203125,0.36572265625,0.4349365234375
97,0.196044921875,0.49932861328125,0.30462646484375
98,0.138671875,0.18438720703125,0.67694091796875
99,0.572021484375,0.01336669921875,0.41461181640625
100,0.12518310546875,0.4669189453125,0.40789794921875
102,0.17462158203125,0.326904296875,0.49847412109375
103,0.50567626953125,0.33404541015625,0.1602783203125
104,0.57733154296875,0.1429443359375,0.27972412109375
105,0.36248779296875,0.358154296875,0.27935791015625
106,0.53326416015625,0.32403564453125,0.1427001953125
107,0.5802001953125,0.16107177734375,0.25872802734375
108,0.305419921875,0.60174560546875,0.09283447265625
109,0.279296875,0.28680419921875,0.43389892578125
110,0.50860595703125,0.22393798828125,0.2674560546875
111,0.356689453125,0.31805419921875,0.32525634765625
112,0.4461669921875,0.38494873046875,0.16888427734375
113,0.30072021484375,0.41937255859375,0.2799072265625
114,0.2266845703125,0.51220703125,0.2611083984375
115,0.3101806640625,0.335205078125,0.3546142578125
116,0.50164794921875,0.201171875,0.29718017578125
117,0.2581787109375,0.37933349609375,0.36248779296875
118,0.44134521484375,0.39141845703125,0.167236328125
119,0.27313232421875,0.31719970703125,0.40966796875
120,0.1328125,0.16998291015625,0.69720458984375
121,0.14227294921875,0.49029541015625,0.367431640625
122,0.27447509765625,0.501953125,0.22357177734375
123,0.27978515625,0.34747314453125,0.37274169921875
124,0.458251953125,0.42071533203125,0.12103271484375
125,0.4744873046875,0.40924072265625,0.11627197265625
126,0.3521728515625,0.28631591796875,0.36151123046875
127,0.38653564453125,0.3795166015625,0.23394775390625
128,0.66241455078125,0.3109130859375,0.02667236328125
129,0.51336669921875,0.29608154296875,0.1905517578125
130,0.31365966796875,0.408203125,0.27813720703125
131,0.4949951171875,0.447998046875,0.0570068359375
132,0.29931640625,0.39727783203125,0.30340576171875
133,0.3760986328125,0.34112548828125,0.28277587890625
134,0.4913330078125,0.34619140625,0.1624755859375
135,0.34393310546875,0.37347412109375,0.2825927734375
136,0.32861328125,0.39996337890625,0.27142333984375
137,0.44073486328125,0.49761962890625,0.0616455078125
138,0.55694580078125,0.30059814453125,0.1424560546875
139,0.55511474609375,0.36456298828125,0.080322265625
140,0.11566162109375,0.50830078125,0.37603759765625
141,0.2196044921875,0.5948486328125,0.185546875
142,0.42401123046875,0.554931640625,0.02105712890625
143,0.2752685546875,0.54376220703125,0.18096923828125
144,0.47369384765625,0.3243408203125,0.20196533203125
145,0.284423828125,0.39630126953125,0.31927490234375
146,0.287109375,0.41241455078125,0.30047607421875
147,0.32501220703125,0.474365234375,0.20062255859375
148,0.28515625,0.37261962890625,0.34222412109375
149,0.3170166015625,0.3465576171875,0.33642578125
150,0.36785888671875,0.4229736328125,0.20916748046875
151,0.3184814453125,0.5030517578125,0.178466796875
152,0.4083251953125,0.32171630859375,0.26995849609375
153,0.48150634765625,0.29339599609375,0.22509765625
154,0.31317138671875,0.38037109375,0.30645751953125
155,0.10015869140625,0.682373046875,0.21746826171875
156,0.429443359375,0.40606689453125,0.16448974609375
157,0.505615234375,0.20233154296875,0.29205322265625
158,0.17755126953125,0.472412109375,0.35003662109375
159,0.1431884765625,0.543212890625,0.3135986328125
160,0.21966552734375,0.43084716796875,0.3494873046875
161,0.21923828125,0.5341796875,0.24658203125
162,0.16094970703125,0.34722900390625,0.4918212890625
163,0.286865234375,0.293212890625,0.419921875
164,0.514892578125,0.39666748046875,0.08843994140625
165,0.358642578125,0.33563232421875,0.30572509765625
166,0.23907470703125,0.58056640625,0.18035888671875
167,0.2308349609375,0.37225341796875,0.39691162109375
168,0.48583984375,0.3792724609375,0.1348876953125
169,0.20166015625,0.39300537109375,0.40533447265625
170,0.2213134765625,0.56982421875,0.2088623046875
171,0.1239013671875,0.49188232421875,0.38421630859375
172,0.46282958984375,0.38970947265625,0.1474609375
173,0.25616455078125,0.389892578125,0.35394287109375
174,0.42803955078125,0.3900146484375,0.18194580078125
175,0.31683349609375,0.120849609375,0.56231689453125
176,0.20611572265625,0.2860107421875,0.50787353515625
177,0.40069580078125,0.28033447265625,0.3189697265625
178,0.05926513671875,0.27117919921875,0.6695556640625
179,0.25421142578125,0.4581298828125,0.28765869140625
180,0.36309814453125,0.40655517578125,0.2303466796875
181,0.32208251953125,0.4359130859375,0.24200439453125
182,0.02783203125,0.391357421875,0.580810546875
183,0.36334228515625,0.50390625,0.13275146484375
184,0.23907470703125,0.45477294921875,0.30615234375
185,0.22198486328125,0.5081787109375,0.26983642578125
186,0.57232666015625,0.24395751953125,0.1837158203125
187,0.56854248046875,0.25323486328125,0.17822265625
188,0.2469482421875,0.45135498046875,0.30169677734375
189,0.33392333984375,0.34710693359375,0.3189697265625
190,0.2523193359375,0.217529296875,0.5301513671875
191,0.45220947265625,0.2813720703125,0.26641845703125
192,0.65606689453125,0.31536865234375,0.028564453125
193,0.19500732421875,0.44927978515625,0.355712890625
194,0.48065185546875,0.29156494140625,0.227783203125
195,0.42657470703125,0.323486328125,0.24993896484375
196,0.297607421875,0.41497802734375,0.28741455078125
197,0.35272216796875,0.16485595703125,0.482421875
198,0.29461669921875,0.427490234375,0.27789306640625
199,0.5423583984375,0.29510498046875,0.16253662109375
200,0.21392822265625,0.32525634765625,0.4608154296875
201,0.46807861328125,0.3150634765625,0.21685791015625
202,0.4638671875,0.4544677734375,0.0816650390625
203,0.2244873046875,0.46282958984375,0.31268310546875
204,0.23443603515625,0.37225341796875,0.393310546875
205,0.3319091796875,0.45672607421875,0.21136474609375
206,0.39697265625,0.37493896484375,0.22808837890625
207,0.13677978515625,0.8399658203125,0.02325439453125
208,0.0775146484375,0.42974853515625,0.49273681640625
209,0.29620361328125,0.46295166015625,0.2408447265625
210,0.37762451171875,0.24127197265625,0.381103515625
211,0.177490234375,0.45489501953125,0.36761474609375
212,0.25946044921875,0.400634765625,0.33990478515625
213,0.4349365234375,0.32537841796875,0.23968505859375
214,0.46441650390625,0.41668701171875,0.118896484375
215,0.1068115234375,0.62921142578125,0.26397705078125
216,0.273193359375,0.47015380859375,0.25665283203125
217,0.62152099609375,0.3431396484375,0.03533935546875
218,0.30792236328125,0.474365234375,0.21771240234375
219,0.37060546875,0.38140869140625,0.24798583984375
220,0.17559814453125,0.46966552734375,0.354736328125
221,0.36114501953125,0.31097412109375,0.327880859375
222,0.23040771484375,0.53521728515625,0.234375
223,0.11151123046875,0.50408935546875,0.3843994140625
224,0.3985595703125,0.2918701171875,0.3095703125
225,0.2645263671875,0.272216796875,0.4632568359375
226,0.0274658203125,0.3203125,0.6522216796875
227,0.548095703125,0.33746337890625,0.11444091796875
228,0.6519775390625,0.23345947265625,0.11456298828125
229,0.13775634765625,0.427490234375,0.43475341796875
231,0.360595703125,0.3265380859375,0.3128662109375
232,0.36016845703125,0.47467041015625,0.1651611328125
233,0.24029541015625,0.4757080078125,0.28399658203125
234,0.265869140625,0.4671630859375,0.2669677734375
235,0.4423828125,0.4964599609375,0.0611572265625
236,0.38336181640625,0.2908935546875,0.32574462890625
237,0.3004150390625,0.4256591796875,0.27392578125
238,0.33721923828125,0.38226318359375,0.280517578125
239,0.34075927734375,0.60809326171875,0.0511474609375
240,0.151123046875,0.3594970703125,0.4893798828125
241,0.77630615234375,0.07305908203125,0.150634765625
242,0.25787353515625,0.52178955078125,0.2203369140625
243,0.28399658203125,0.4354248046875,0.28057861328125
244,0.26226806640625,0.368896484375,0.36883544921875
245,0.23992919921875,0.41070556640625,0.349365234375
246,0.30792236328125,0.4774169921875,0.21466064453125
247,0.14471435546875,0.55560302734375,0.2996826171875
248,0.30413818359375,0.2210693359375,0.47479248046875
249,0.3248291015625,0.37774658203125,0.29742431640625
250,0.033447265625,0.5311279296875,0.4354248046875
251,0.383056640625,0.46759033203125,0.14935302734375
252,0.120849609375,0.35577392578125,0.52337646484375
253,0.154052734375,0.3154296875,0.530517578125
254,0.1312255859375,0.42584228515625,0.44293212890625
255,0.3397216796875,0.44720458984375,0.21307373046875
256,0.344970703125,0.315673828125,0.33935546875
257,0.51483154296875,0.3389892578125,0.14617919921875
258,0.43017578125,0.33660888671875,0.23321533203125
259,0.05157470703125,0.54150390625,0.40692138671875
260,0.391845703125,0.3507080078125,0.2574462890625
261,0.45501708984375,0.40228271484375,0.1427001953125
262,0.43878173828125,0.39056396484375,0.170654296875
263,0.19512939453125,0.41015625,0.39471435546875
264,0.2003173828125,0.50054931640625,0.29913330078125
265,0.607177734375,0.1776123046875,0.2152099609375
266,0.1304931640625,0.15814208984375,0.71136474609375
267,0.08367919921875,0.65740966796875,0.2589111328125
268,0.09478759765625,0.26190185546875,0.643310546875
269,0.21099853515625,0.37835693359375,0.41064453125
270,0.2720947265625,0.1251220703125,0.602783203125
271,0.30072021484375,0.2249755859375,0.47430419921875
272,0.460205078125,0.31805419921875,0.22174072265625
273,0.591796875,0.24456787109375,0.16363525390625
274,0.214111328125,0.494384765625,0.29150390625
275,0.18731689453125,0.52349853515625,0.2891845703125
276,0.3704833984375,0.577392578125,0.0521240234375
277,0.1644287109375,0.63238525390625,0.20318603515625
278,0.3846435546875,0.512939453125,0.1024169921875
279,0.4024658203125,0.44244384765625,0.15509033203125
280,0.31707763671875,0.36968994140625,0.313232421875
281,0.27435302734375,0.49261474609375,0.2330322265625
282,0.384033203125,0.31805419921875,0.29791259765625
283,0.41607666015625,0.3472900390625,0.23663330078125
284,0.42279052734375,0.17340087890625,0.40380859375
285,0.2767333984375,0.39337158203125,0.32989501953125
286,0.3406982421875,0.4150390625,0.2442626953125
287,0.2738037109375,0.36175537109375,0.36444091796875
288,0.31610107421875,0.56475830078125,0.119140625
289,0.453369140625,0.15789794921875,0.38873291015625
290,0.4302978515625,0.41387939453125,0.15582275390625
291,0.34210205078125,0.43353271484375,0.224365234375
292,0.41217041015625,0.448486328125,0.13934326171875
293,0.423828125,0.13018798828125,0.44598388671875
294,0.4644775390625,0.22125244140625,0.31427001953125
295,0.3668212890625,0.40008544921875,0.23309326171875
296,0.3907470703125,0.4185791015625,0.190673828125
297,0.74658203125,0.08465576171875,0.16876220703125
298,0.1231689453125,0.3873291015625,0.489501953125
299,0.44305419921875,0.1827392578125,0.37420654296875
300,0.49700927734375,0.18280029296875,0.3201904296875
301,0.23345947265625,0.4007568359375,0.36578369140625
302,0.4234619140625,0.3697509765625,0.206787109375
303,0.465087890625,0.3079833984375,0.2269287109375
304,0.25897216796875,0.36260986328125,0.37841796875
305,0.24432373046875,0.43878173828125,0.31689453125
306,0.11627197265625,0.145263671875,0.73846435546875
307,0.35870361328125,0.30535888671875,0.3359375
308,0.34564208984375,0.46435546875,0.19000244140625
309,0.1417236328125,0.4151611328125,0.443115234375
310,0.55401611328125,0.3289794921875,0.11700439453125
311,0.3922119140625,0.27392578125,0.3338623046875
312,0.58856201171875,0.30694580078125,0.1044921875
313,0.3232421875,0.340576171875,0.336181640625
314,0.24334716796875,0.54168701171875,0.2149658203125
315,0.4390869140625,0.42730712890625,0.13360595703125
316,0.37237548828125,0.3082275390625,0.31939697265625
317,0.32525634765625,0.49127197265625,0.1834716796875
318,0.474609375,0.40185546875,0.12353515625
319,0.41357421875,0.26275634765625,0.32366943359375
320,0.3338623046875,0.2213134765625,0.44482421875
321,0.33929443359375,0.14990234375,0.51080322265625
322,0.23199462890625,0.73052978515625,0.0374755859375
323,0.12652587890625,0.42987060546875,0.443603515625
324,0.25384521484375,0.5167236328125,0.22943115234375
325,0.210205078125,0.55352783203125,0.23626708984375
326,0.3388671875,0.4158935546875,0.2452392578125
327,0.48382568359375,0.12506103515625,0.39111328125
328,0.209716796875,0.440673828125,0.349609375
329,0.30657958984375,0.418212890625,0.27520751953125
330,0.48175048828125,0.37554931640625,0.1427001953125
331,0.27386474609375,0.20947265625,0.51666259765625
332,0.15423583984375,0.5186767578125,0.32708740234375
333,0.17999267578125,0.794189453125,0.02581787109375
334,0.3372802734375,0.31536865234375,0.34735107421875
335,0.3411865234375,0.30865478515625,0.35015869140625
336,0.3516845703125,0.56475830078125,0.08355712890625
337,0.294677734375,0.584716796875,0.12060546875
338,0.20843505859375,0.49713134765625,0.29443359375
339,0.2637939453125,0.32464599609375,0.41156005859375
340,0.4346923828125,0.32000732421875,0.24530029296875
341,0.2919921875,0.3828125,0.3251953125
342,0.42596435546875,0.28167724609375,0.2923583984375
343,0.33502197265625,0.308349609375,0.35662841796875
344,0.36279296875,0.244873046875,0.392333984375
345,0.06378173828125,0.44573974609375,0.490478515625
346,0.14111328125,0.45062255859375,0.40826416015625
347,0.4093017578125,0.259521484375,0.3311767578125
348,0.42596435546875,0.34521484375,0.22882080078125
349,0.3594970703125,0.45489501953125,0.18560791015625
350,0.3642578125,0.2459716796875,0.3897705078125
351,0.23663330078125,0.37298583984375,0.390380859375
352,0.32305908203125,0.33807373046875,0.3388671875
353,0.391845703125,0.35498046875,0.253173828125
354,0.4036865234375,0.41741943359375,0.17889404296875
355,0.29010009765625,0.52752685546875,0.182373046875
356,0.24285888671875,0.56195068359375,0.1951904296875
357,0.16644287109375,0.58203125,0.25152587890625
358,0.2032470703125,0.642578125,0.1541748046875
359,0.176025390625,0.434814453125,0.38916015625
360,0.44378662109375,0.30926513671875,0.2469482421875
361,0.53759765625,0.31756591796875,0.14483642578125
362,0.1165771484375,0.48406982421875,0.39935302734375
363,0.39434814453125,0.38323974609375,0.222412109375
364,0.26605224609375,0.4678955078125,0.26605224609375
365,0.36187744140625,0.3946533203125,0.24346923828125
366,0.55352783203125,0.302001953125,0.14447021484375
367,0.3897705078125,0.247314453125,0.3629150390625
368,0.33984375,0.2703857421875,0.3897705078125
369,0.3096923828125,0.36669921875,0.3236083984375
370,0.2247314453125,0.5067138671875,0.2685546875
371,0.1639404296875,0.4716796875,0.3643798828125
372,0.21417236328125,0.36676025390625,0.4190673828125
373,0.381591796875,0.5299072265625,0.0885009765625
374,0.32757568359375,0.572509765625,0.09991455078125
375,0.28948974609375,0.317626953125,0.39288330078125
376,0.38128662109375,0.34625244140625,0.2724609375
377,0.380859375,0.4305419921875,0.1885986328125
378,0.23492431640625,0.4779052734375,0.28717041015625
380,0.256591796875,0.55908203125,0.184326171875
381,0.17388916015625,0.4798583984375,0.34625244140625
382,0.260498046875,0.26116943359375,0.47833251953125
383,0.2210693359375,0.28375244140625,0.49517822265625
384,0.64361572265625,0.32196044921875,0.034423828125
385,0.50457763671875,0.42999267578125,0.0654296875
386,0.4853515625,0.3740234375,0.140625
387,0.4256591796875,0.38848876953125,0.18585205078125
388,0.3927001953125,0.364501953125,0.2427978515625
389,0.3602294921875,0.31097412109375,0.32879638671875
390,0.53240966796875,0.314697265625,0.15289306640625
391,0.4940185546875,0.338134765625,0.1678466796875
392,0.1900634765625,0.5262451171875,0.28369140625
393,0.17578125,0.42803955078125,0.39617919921875
394,0.37127685546875,0.24237060546875,0.3863525390625
395,0.32879638671875,0.2730712890625,0.39813232421875
396,0.3614501953125,0.42822265625,0.2103271484375
397,0.3875732421875,0.4853515625,0.1270751953125
398,0.3978271484375,0.4259033203125,0.17626953125
399,0.2769775390625,0.348876953125,0.3741455078125
400,0.23895263671875,0.2904052734375,0.47064208984375
401,0.16387939453125,0.43853759765625,0.3975830078125
402,0.24005126953125,0.48284912109375,0.277099609375
403,0.47314453125,0.22393798828125,0.30291748046875
404,0.34954833984375,0.3236083984375,0.32684326171875
405,0.27398681640625,0.32928466796875,0.396728515625
406,0.31298828125,0.49407958984375,0.19293212890625
407,0.23089599609375,0.41644287109375,0.3526611328125
408,0.46893310546875,0.4337158203125,0.09735107421875
409,0.55340576171875,0.37396240234375,0.0726318359375
410,0.26800537109375,0.4747314453125,0.25726318359375
411,0.23077392578125,0.3800048828125,0.38922119140625
412,0.4779052734375,0.23211669921875,0.28997802734375
413,0.197265625,0.34112548828125,0.46160888671875
414,0.52734375,0.26336669921875,0.20928955078125
415,0.20416259765625,0.43951416015625,0.3563232421875
416,0.15338134765625,0.3568115234375,0.48980712890625
417,0.36920166015625,0.41497802734375,0.2158203125
418,0.388671875,0.4703369140625,0.1409912109375
419,0.344970703125,0.25408935546875,0.40093994140625
420,0.36529541015625,0.36090087890625,0.2738037109375
421,0.40118408203125,0.36773681640625,0.2310791015625
422,0.17120361328125,0.43109130859375,0.397705078125
423,0.43035888671875,0.261474609375,0.30816650390625
424,0.38922119140625,0.32568359375,0.28509521484375
425,0.36822509765625,0.29156494140625,0.3402099609375
426,0.04632568359375,0.52874755859375,0.4249267578125
427,0.07708740234375,0.40966796875,0.51324462890625
428,0.31866455078125,0.13128662109375,0.550048828125
429,0.345703125,0.41558837890625,0.23870849609375
430,0.3179931640625,0.3348388671875,0.34716796875
431,0.1285400390625,0.62445068359375,0.24700927734375
432,0.3009033203125,0.47357177734375,0.22552490234375
433,0.2589111328125,0.50970458984375,0.23138427734375
434,0.4100341796875,0.3739013671875,0.216064453125
435,0.03839111328125,0.75665283203125,0.2049560546875
436,0.37091064453125,0.3577880859375,0.27130126953125
437,0.223876953125,0.44329833984375,0.33282470703125
438,0.1214599609375,0.50537109375,0.3731689453125
439,0.201904296875,0.43701171875,0.361083984375
440,0.40838623046875,0.3875732421875,0.20404052734375
441,0.36383056640625,0.39324951171875,0.242919921875
442,0.33050537109375,0.41119384765625,0.25830078125
443,0.32415771484375,0.2012939453125,0.47454833984375
444,0.33160400390625,0.2686767578125,0.39971923828125
445,0.298583984375,0.22235107421875,0.47906494140625
446,0.51580810546875,0.41754150390625,0.066650390625
447,0.39752197265625,0.54656982421875,0.055908203125
448,0.3218994140625,0.46441650390625,0.21368408203125
449,0.28472900390625,0.5582275390625,0.15704345703125
450,0.3612060546875,0.36236572265625,0.27642822265625
451,0.4117431640625,0.32489013671875,0.26336669921875
452,0.30517578125,0.32135009765625,0.37347412109375
453,0.446533203125,0.1409912109375,0.4124755859375
454,0.3721923828125,0.33282470703125,0.29498291015625
455,0.364501953125,0.468994140625,0.16650390625
456,0.33123779296875,0.47845458984375,0.1903076171875
457,0.3741455078125,0.28167724609375,0.34417724609375
458,0.34881591796875,0.514404296875,0.13677978515625
459,0.3773193359375,0.436767578125,0.1859130859375
460,0.1844482421875,0.63134765625,0.1842041015625
461,0.42926025390625,0.36767578125,0.20306396484375
462,0.457275390625,0.415283203125,0.12744140625
463,0.14111328125,0.44879150390625,0.41009521484375
464,0.35546875,0.25933837890625,0.38519287109375
465,0.4349365234375,0.25439453125,0.3106689453125
466,0.2742919921875,0.40509033203125,0.32061767578125
467,0.298095703125,0.3431396484375,0.3587646484375
468,0.26171875,0.527587890625,0.210693359375
469,0.22308349609375,0.374267578125,0.40264892578125
470,0.568603515625,0.17425537109375,0.25714111328125
471,0.44873046875,0.38739013671875,0.16387939453125
472,0.57080078125,0.35455322265625,0.07464599609375
473,0.395263671875,0.3134765625,0.291259765625
474,0.17205810546875,0.6123046875,0.21563720703125
475,0.3533935546875,0.53717041015625,0.10943603515625
476,0.2684326171875,0.3629150390625,0.36865234375
477,0.3314208984375,0.339599609375,0.3289794921875
478,0.3714599609375,0.41607666015625,0.21246337890625
479,0.58111572265625,0.34161376953125,0.0772705078125
480,0.4173583984375,0.413330078125,0.1693115234375
481,0.442626953125,0.37548828125,0.181884765625
482,0.48089599609375,0.3829345703125,0.13616943359375
483,0.287353515625,0.44757080078125,0.26507568359375
484,0.11407470703125,0.47198486328125,0.4139404296875
485,0.31072998046875,0.5928955078125,0.09637451171875
486,0.48565673828125,0.39678955078125,0.1175537109375
487,0.292724609375,0.47955322265625,0.22772216796875
488,0.57257080078125,0.28985595703125,0.1375732421875
489,0.50927734375,0.29473876953125,0.19598388671875
490,0.51251220703125,0.392333984375,0.09515380859375
491,0.1129150390625,0.6337890625,0.2532958984375
492,0.3802490234375,0.478271484375,0.1414794921875
493,0.305419921875,0.43353271484375,0.26104736328125
494,0.279052734375,0.56414794921875,0.15679931640625
495,0.31585693359375,0.25518798828125,0.428955078125
496,0.15985107421875,0.6051025390625,0.23504638671875
497,0.39410400390625,0.5384521484375,0.06744384765625
498,0.53460693359375,0.3658447265625,0.09954833984375
499,0.60296630859375,0.2679443359375,0.12908935546875
500,0.36822509765625,0.57489013671875,0.056884765625
501,0.2889404296875,0.412353515625,0.2987060546875
502,0.329833984375,0.58978271484375,0.08038330078125
503,0.45574951171875,0.43585205078125,0.1083984375
504,0.41583251953125,0.4033203125,0.18084716796875
505,0.34613037109375,0.44866943359375,0.2052001953125
506,0.21673583984375,0.64447021484375,0.1387939453125
507,0.48858642578125,0.23687744140625,0.2745361328125
508,0.45587158203125,0.33673095703125,0.2073974609375
509,0.311279296875,0.3670654296875,0.3216552734375
510,0.2647705078125,0.3948974609375,0.34033203125
511,0.15594482421875,0.43707275390625,0.406982421875
512,0.554931640625,0.39532470703125,0.04974365234375
513,0.38458251953125,0.3555908203125,0.25982666015625
514,0.31109619140625,0.4544677734375,0.23443603515625
515,0.27923583984375,0.4661865234375,0.25457763671875
516,0.3370361328125,0.425048828125,0.2379150390625
517,0.258544921875,0.60528564453125,0.13616943359375
518,0.67559814453125,0.31378173828125,0.0106201171875
519,0.21697998046875,0.500732421875,0.28228759765625
520,0.16363525390625,0.551513671875,0.28485107421875
521,0.3067626953125,0.52801513671875,0.16522216796875
522,0.2728271484375,0.53411865234375,0.19305419921875
523,0.22552490234375,0.5322265625,0.24224853515625
524,0.443603515625,0.21014404296875,0.34625244140625
525,0.53912353515625,0.35772705078125,0.1031494140625
526,0.37237548828125,0.29815673828125,0.3294677734375
527,0.5714111328125,0.3798828125,0.0487060546875
528,0.3319091796875,0.43951416015625,0.22857666015625
529,0.59368896484375,0.24798583984375,0.1583251953125
530,0.15447998046875,0.49468994140625,0.350830078125
531,0.14910888671875,0.446533203125,0.40435791015625
532,0.229736328125,0.7266845703125,0.0435791015625
533,0.11895751953125,0.5,0.38104248046875
534,0.43408203125,0.4459228515625,0.1199951171875
535,0.57073974609375,0.333740234375,0.09552001953125
536,0.247314453125,0.47308349609375,0.27960205078125
537,0.17047119140625,0.45977783203125,0.3697509765625
538,0.19036865234375,0.3270263671875,0.48260498046875
539,0.277099609375,0.3052978515625,0.4176025390625
540,0.49822998046875,0.309326171875,0.19244384765625
541,0.451904296875,0.246337890625,0.3017578125
542,0.299072265625,0.2783203125,0.422607421875
543,0.3271484375,0.4639892578125,0.2088623046875
544,0.22369384765625,0.5621337890625,0.21417236328125
545,0.436279296875,0.28265380859375,0.28106689453125
546,0.5211181640625,0.26251220703125,0.21636962890625
547,0.4356689453125,0.2545166015625,0.309814453125
548,0.05828857421875,0.3565673828125,0.58514404296875
549,0.47705078125,0.40277099609375,0.12017822265625
550,0.25860595703125,0.383544921875,0.35784912109375
551,0.33349609375,0.5,0.16650390625
552,0.37017822265625,0.424072265625,0.20574951171875
553,0.73284912109375,0.230712890625,0.03643798828125
554,0.26031494140625,0.40106201171875,0.338623046875
555,0.5604248046875,0.09417724609375,0.34539794921875
556,0.31634521484375,0.39892578125,0.28472900390625
557,0.2962646484375,0.33648681640625,0.36724853515625
558,0.48797607421875,0.3719482421875,0.14007568359375
559,0.4697265625,0.3702392578125,0.1600341796875
560,0.40435791015625,0.372314453125,0.22332763671875
561,0.27972412109375,0.3734130859375,0.34686279296875
562,0.28460693359375,0.300048828125,0.41534423828125
563,0.25836181640625,0.4150390625,0.32659912109375
564,0.1300048828125,0.4305419921875,0.439453125
565,0.53936767578125,0.32275390625,0.13787841796875
566,0.464111328125,0.1534423828125,0.3824462890625
567,0.35321044921875,0.41888427734375,0.2279052734375
568,0.1512451171875,0.47772216796875,0.37103271484375
569,0.31768798828125,0.549560546875,0.13275146484375
570,0.51629638671875,0.26141357421875,0.2222900390625
571,0.4822998046875,0.24176025390625,0.27593994140625
572,0.41595458984375,0.2718505859375,0.31219482421875
573,0.092041015625,0.38116455078125,0.52679443359375
574,0.50494384765625,0.2506103515625,0.24444580078125
575,0.3265380859375,0.56805419921875,0.10540771484375
576,0.26397705078125,0.522216796875,0.21380615234375
577,0.2811279296875,0.56561279296875,0.15325927734375
578,0.210693359375,0.55767822265625,0.23162841796875
579,0.34161376953125,0.523681640625,0.13470458984375
580,0.42327880859375,0.3671875,0.20953369140625
581,0.26458740234375,0.41387939453125,0.321533203125
582,0.36395263671875,0.31781005859375,0.3182373046875
583,0.443115234375,0.42010498046875,0.13677978515625
584,0.2208251953125,0.4820556640625,0.297119140625
585,0.03857421875,0.431640625,0.52978515625
586,0.62335205078125,0.2503662109375,0.12628173828125
587,0.43487548828125,0.35009765625,0.21502685546875
588,0.2452392578125,0.25933837890625,0.49542236328125
589,0.27349853515625,0.173095703125,0.55340576171875
590,0.29608154296875,0.40960693359375,0.2943115234375
591,0.2564697265625,0.3763427734375,0.3671875
592,0.252197265625,0.44189453125,0.305908203125
593,0.343994140625,0.30206298828125,0.35394287109375
594,0.30926513671875,0.44158935546875,0.2491455078125
595,0.26318359375,0.37628173828125,0.36053466796875
596,0.493896484375,0.33477783203125,0.17132568359375
597,0.20318603515625,0.36553955078125,0.4312744140625
598,0.26776123046875,0.40594482421875,0.3262939453125
599,0.25177001953125,0.51361083984375,0.234619140625
600,0.077392578125,0.51239013671875,0.41021728515625
601,0.359130859375,0.3404541015625,0.3004150390625
602,0.2176513671875,0.36181640625,0.4205322265625
603,0.5069580078125,0.2650146484375,0.22802734375
604,0.3653564453125,0.25579833984375,0.37884521484375
605,0.480712890625,0.31597900390625,0.20330810546875
606,0.67401123046875,0.28814697265625,0.037841796875
607,0.50421142578125,0.33502197265625,0.1607666015625
608,0.20703125,0.49591064453125,0.29705810546875
609,0.454345703125,0.41131591796875,0.13433837890625
610,0.23504638671875,0.130126953125,0.63482666015625
611,0.26763916015625,0.5340576171875,0.19830322265625
612,0.44134521484375,0.32733154296875,0.2313232421875
613,0.2734375,0.2904052734375,0.4361572265625
614,0.4410400390625,0.223876953125,0.3350830078125
615,0.30975341796875,0.45184326171875,0.2384033203125
616,0.3450927734375,0.3995361328125,0.25537109375
617,0.30609130859375,0.38714599609375,0.3067626953125
618,0.135009765625,0.13348388671875,0.73150634765625
619,0.322509765625,0.32122802734375,0.35626220703125
620,0.47430419921875,0.25164794921875,0.2740478515625
621,0.27825927734375,0.46221923828125,0.259521484375
622,0.24688720703125,0.26373291015625,0.4893798828125
623,0.3883056640625,0.44000244140625,0.17169189453125
624,0.25506591796875,0.38824462890625,0.356689453125
625,0.24530029296875,0.40216064453125,0.3525390625
626,0.4998779296875,0.31591796875,0.1842041015625
627,0.3631591796875,0.2763671875,0.3604736328125
628,0.35150146484375,0.51336669921875,0.1351318359375
629,0.44158935546875,0.373046875,0.18536376953125
630,0.26898193359375,0.37518310546875,0.3558349609375
631,0.17327880859375,0.561767578125,0.26495361328125
632,0.56683349609375,0.02459716796875,0.4085693359375
633,0.42254638671875,0.36212158203125,0.21533203125
634,0.31256103515625,0.41021728515625,0.2772216796875
635,0.11077880859375,0.54827880859375,0.3409423828125
636,0.346923828125,0.48236083984375,0.17071533203125
637,0.39892578125,0.58074951171875,0.02032470703125
638,0.21905517578125,0.36334228515625,0.4176025390625
639,0.1207275390625,0.34271240234375,0.53656005859375
640,0.17138671875,0.536376953125,0.292236328125
641,0.33056640625,0.2891845703125,0.3802490234375
642,0.294677734375,0.41510009765625,0.29022216796875
643,0.4061279296875,0.31024169921875,0.28363037109375
644,0.2078857421875,0.532958984375,0.2591552734375
645,0.494384765625,0.18316650390625,0.32244873046875
646,0.6455078125,0.23638916015625,0.11810302734375
647,0.25799560546875,0.43597412109375,0.3060302734375
648,0.19482421875,0.55792236328125,0.24725341796875
649,0.447509765625,0.38238525390625,0.17010498046875
650,0.22119140625,0.41864013671875,0.36016845703125
651,0.13043212890625,0.45733642578125,0.4122314453125
652,0.34844970703125,0.3173828125,0.33416748046875
653,0.58642578125,0.374267578125,0.039306640625
654,0.312255859375,0.167236328125,0.5205078125
655,0.25225830078125,0.31097412109375,0.436767578125
656,0.30029296875,0.2169189453125,0.4827880859375
657,0.54559326171875,0.268798828125,0.18560791015625
658,0.39501953125,0.37506103515625,0.22991943359375
659,0.54632568359375,0.25372314453125,0.199951171875
660,0.41571044921875,0.3956298828125,0.18865966796875
661,0.29876708984375,0.46221923828125,0.239013671875
662,0.238525390625,0.5029296875,0.258544921875
663,0.293701171875,0.36328125,0.343017578125
664,0.07208251953125,0.5465087890625,0.38140869140625
665,0.112060546875,0.5853271484375,0.3026123046875
666,0.12298583984375,0.51824951171875,0.3587646484375
667,0.43157958984375,0.4757080078125,0.09271240234375
668,0.30682373046875,0.48211669921875,0.2110595703125
669,0.39923095703125,0.42291259765625,0.1778564453125
670,0.48492431640625,0.3056640625,0.20941162109375
671,0.2742919921875,0.415771484375,0.3099365234375
672,0.2330322265625,0.47760009765625,0.28936767578125
673,0.36627197265625,0.2772216796875,0.35650634765625
674,0.126220703125,0.52874755859375,0.34503173828125
675,0.1453857421875,0.39801025390625,0.45660400390625
676,0.5804443359375,0.2357177734375,0.183837890625
677,0.3443603515625,0.35626220703125,0.29937744140625
678,0.26593017578125,0.322998046875,0.41107177734375
679,0.39337158203125,0.40887451171875,0.19775390625
680,0.22210693359375,0.33624267578125,0.441650390625
681,0.41876220703125,0.338134765625,0.24310302734375
682,0.40118408203125,0.41455078125,0.18426513671875
683,0.25726318359375,0.2852783203125,0.45745849609375
684,0.4613037109375,0.3106689453125,0.22802734375
685,0.67303466796875,0.26361083984375,0.0633544921875
686,0.5921630859375,0.27972412109375,0.12811279296875
687,0.3592529296875,0.61590576171875,0.02484130859375
688,0.36456298828125,0.42852783203125,0.2069091796875
689,0.33056640625,0.40936279296875,0.26007080078125
691,0.45635986328125,0.3951416015625,0.14849853515625
692,0.162841796875,0.50048828125,0.336669921875
693,0.5054931640625,0.2364501953125,0.258056640625
694,0.17437744140625,0.50726318359375,0.318359375
695,0.298828125,0.53948974609375,0.16168212890625
696,0.39093017578125,0.3665771484375,0.24249267578125
697,0.2435302734375,0.4483642578125,0.30810546875
698,0.46539306640625,0.2799072265625,0.25469970703125
699,0.36065673828125,0.44281005859375,0.196533203125
700,0.09576416015625,0.5443115234375,0.35992431640625
701,0.45330810546875,0.49798583984375,0.0487060546875
702,0.32080078125,0.3768310546875,0.3023681640625
703,0.2330322265625,0.74737548828125,0.01959228515625
704,0.32135009765625,0.46563720703125,0.2130126953125
705,0.51104736328125,0.3326416015625,0.15631103515625
706,0.5953369140625,0.35858154296875,0.04608154296875
707,0.31439208984375,0.48590087890625,0.19970703125
708,0.29638671875,0.28546142578125,0.41815185546875
709,0.16552734375,0.6688232421875,0.1656494140625
710,0.55767822265625,0.2723388671875,0.16998291015625
711,0.27777099609375,0.60882568359375,0.1134033203125
712,0.3326416015625,0.41241455078125,0.25494384765625
713,0.33758544921875,0.362060546875,0.30035400390625
714,0.2091064453125,0.32757568359375,0.46331787109375
715,0.1689453125,0.40570068359375,0.42535400390625
716,0.33251953125,0.4229736328125,0.2445068359375
717,0.48687744140625,0.25250244140625,0.2606201171875
718,0.29693603515625,0.41766357421875,0.285400390625
719,0.276611328125,0.39520263671875,0.32818603515625
720,0.41754150390625,0.24005126953125,0.3424072265625
721,0.14996337890625,0.5240478515625,0.32598876953125
722,0.08026123046875,0.47064208984375,0.4490966796875
723,0.36102294921875,0.3953857421875,0.24359130859375
725,0.4000244140625,0.30072021484375,0.29925537109375
726,0.30804443359375,0.276123046875,0.41583251953125
727,0.1478271484375,0.40301513671875,0.44915771484375
728,0.1844482421875,0.41229248046875,0.40325927734375
729,0.31549072265625,0.25811767578125,0.4263916015625
730,0.412353515625,0.27593994140625,0.31170654296875
731,0.04815673828125,0.7056884765625,0.24615478515625
732,0.269287109375,0.45947265625,0.271240234375
733,0.30377197265625,0.3507080078125,0.34552001953125
734,0.31060791015625,0.5244140625,0.16497802734375
735,0.41156005859375,0.32525634765625,0.26318359375
736,0.3514404296875,0.50091552734375,0.14764404296875
737,0.4097900390625,0.346923828125,0.2432861328125
738,0.26483154296875,0.44989013671875,0.2852783203125
739,0.35198974609375,0.3416748046875,0.30633544921875
740,0.48541259765625,0.20391845703125,0.3106689453125
741,0.33502197265625,0.30145263671875,0.363525390625
742,0.47967529296875,0.3990478515625,0.12127685546875
743,0.23291015625,0.5059814453125,0.2611083984375
744,0.2406005859375,0.4404296875,0.3189697265625
745,0.39837646484375,0.42608642578125,0.175537109375
746,0.2177734375,0.3570556640625,0.4251708984375
747,0.49407958984375,0.14849853515625,0.357421875
748,0.57470703125,0.2626953125,0.16259765625
749,0.31280517578125,0.33734130859375,0.349853515625
750,0.2723388671875,0.4613037109375,0.266357421875
751,0.2359619140625,0.61273193359375,0.15130615234375
752,0.36236572265625,0.30194091796875,0.335693359375
753,0.58990478515625,0.2655029296875,0.14459228515625
754,0.22625732421875,0.3394775390625,0.43426513671875
755,0.2491455078125,0.382568359375,0.3682861328125
756,0.438232421875,0.4058837890625,0.1558837890625
757,0.4703369140625,0.46142578125,0.0682373046875
758,0.31787109375,0.39935302734375,0.28277587890625
759,0.60211181640625,0.2130126953125,0.18487548828125
760,0.6041259765625,0.35546875,0.0404052734375
761,0.59368896484375,0.20318603515625,0.203125
762,0.50848388671875,0.26287841796875,0.2286376953125
763,0.47882080078125,0.49700927734375,0.024169921875
764,0.2369384765625,0.47235107421875,0.29071044921875
765,0.41058349609375,0.3778076171875,0.21160888671875
766,0.3056640625,0.31182861328125,0.38250732421875
767,0.3223876953125,0.49969482421875,0.17791748046875
768,0.23114013671875,0.505615234375,0.26324462890625
769,0.53240966796875,0.21600341796875,0.2515869140625
770,0.41094970703125,0.3387451171875,0.25030517578125
771,0.26776123046875,0.47381591796875,0.2584228515625
772,0.09942626953125,0.563720703125,0.33685302734375
773,0.635009765625,0.31756591796875,0.04742431640625
774,0.26324462890625,0.630126953125,0.10662841796875
775,0.0863037109375,0.583251953125,0.3304443359375
776,0.16595458984375,0.4705810546875,0.36346435546875
777,0.2603759765625,0.3402099609375,0.3994140625
778,0.45263671875,0.38848876953125,0.15887451171875
779,0.27435302734375,0.6666259765625,0.05902099609375
780,0.4625244140625,0.35076904296875,0.18670654296875
781,0.28814697265625,0.40863037109375,0.30322265625
782,0.453369140625,0.269287109375,0.27734375
783,0.1590576171875,0.47802734375,0.3629150390625
784,0.54522705078125,0.2886962890625,0.16607666015625
785,0.364013671875,0.3544921875,0.281494140625
786,0.38555908203125,0.356689453125,0.25775146484375
787,0.1688232421875,0.3536376953125,0.4775390625
788,0.1534423828125,0.5220947265625,0.324462890625
789,0.25982666015625,0.27239990234375,0.4677734375
790,0.4405517578125,0.4307861328125,0.128662109375
791,0.36883544921875,0.38531494140625,0.245849609375
792,0.117919921875,0.48028564453125,0.40179443359375
793,0.13543701171875,0.4443359375,0.42022705078125
794,0.5738525390625,0.31915283203125,0.10699462890625
795,0.3680419921875,0.40283203125,0.2291259765625
796,0.48297119140625,0.2821044921875,0.23492431640625
797,0.2384033203125,0.31622314453125,0.44537353515625
798,0.55499267578125,0.27752685546875,0.16748046875
799,0.40985107421875,0.4022216796875,0.18792724609375
800,0.168701171875,0.509033203125,0.322265625
801,0.0667724609375,0.36883544921875,0.56439208984375
802,0.56976318359375,0.39306640625,0.03717041015625
803,0.35687255859375,0.38006591796875,0.2630615234375
804,0.20745849609375,0.4822998046875,0.31024169921875
805,0.116943359375,0.61614990234375,0.26690673828125
806,0.21392822265625,0.459716796875,0.32635498046875
807,0.32843017578125,0.46002197265625,0.2115478515625
808,0.14434814453125,0.43011474609375,0.425537109375
810,0.21148681640625,0.4005126953125,0.38800048828125
811,0.3424072265625,0.50372314453125,0.15386962890625
812,0.30059814453125,0.53594970703125,0.1634521484375
813,0.35528564453125,0.53326416015625,0.1114501953125
814,0.32257080078125,0.31658935546875,0.36083984375
815,0.3692626953125,0.3492431640625,0.281494140625
816,0.08172607421875,0.397705078125,0.52056884765625
817,0.2757568359375,0.16705322265625,0.55718994140625
818,0.18316650390625,0.428955078125,0.38787841796875
819,0.3671875,0.10015869140625,0.53265380859375
820,0.5968017578125,0.23858642578125,0.16461181640625
821,0.5172119140625,0.1942138671875,0.28857421875
822,0.22784423828125,0.52935791015625,0.2427978515625
823,0.17926025390625,0.49542236328125,0.3253173828125
824,0.0767822265625,0.5550537109375,0.3681640625
825,0.29388427734375,0.33465576171875,0.3714599609375
826,0.44097900390625,0.40704345703125,0.1519775390625
827,0.37860107421875,0.3699951171875,0.25140380859375
828,0.21728515625,0.55841064453125,0.22430419921875
829,0.28973388671875,0.333740234375,0.37652587890625
830,0.1658935546875,0.50872802734375,0.32537841796875
831,0.3577880859375,0.39605712890625,0.24615478515625
832,0.33148193359375,0.41522216796875,0.2532958984375
833,0.2100830078125,0.4290771484375,0.36083984375
834,0.47882080078125,0.3115234375,0.20965576171875
835,0.26995849609375,0.5823974609375,0.14764404296875
836,0.37042236328125,0.31549072265625,0.3140869140625
837,0.278076171875,0.41473388671875,0.30718994140625
838,0.16888427734375,0.27850341796875,0.5526123046875
839,0.3265380859375,0.474609375,0.1988525390625
840,0.347412109375,0.3062744140625,0.3463134765625
841,0.570556640625,0.2479248046875,0.1815185546875
842,0.63116455078125,0.2664794921875,0.10235595703125
843,0.29449462890625,0.38311767578125,0.3223876953125
844,0.30010986328125,0.42156982421875,0.2783203125
845,0.2093505859375,0.4573974609375,0.333251953125
846,0.2554931640625,0.435546875,0.3089599609375
847,0.0496826171875,0.518310546875,0.4320068359375
848,0.231201171875,0.565673828125,0.203125
849,0.32861328125,0.41119384765625,0.26019287109375
850,0.14837646484375,0.67742919921875,0.1741943359375
851,0.2347412109375,0.572998046875,0.1922607421875
852,0.5997314453125,0.2286376953125,0.171630859375
853,0.13262939453125,0.4405517578125,0.42681884765625
854,0.306640625,0.52325439453125,0.17010498046875
855,0.10931396484375,0.65087890625,0.23980712890625
856,0.35693359375,0.28948974609375,0.35357666015625
857,0.24560546875,0.24249267578125,0.51190185546875
858,0.0670166015625,0.51055908203125,0.42242431640625
859,0.4034423828125,0.37567138671875,0.22088623046875
860,0.44610595703125,0.3963623046875,0.15753173828125
861,0.22021484375,0.48974609375,0.2900390625
862,0.4442138671875,0.24468994140625,0.31109619140625
863,0.2108154296875,0.2451171875,0.5440673828125
864,0.38555908203125,0.35162353515625,0.2628173828125
865,0.386474609375,0.26190185546875,0.35162353515625
866,0.31964111328125,0.29541015625,0.38494873046875
867,0.15533447265625,0.26678466796875,0.577880859375
868,0.34735107421875,0.34942626953125,0.30322265625
869,0.6502685546875,0.27923583984375,0.07049560546875
870,0.45330810546875,0.3487548828125,0.19793701171875
871,0.41326904296875,0.32080078125,0.26593017578125
872,0.36590576171875,0.375732421875,0.25836181640625
873,0.369873046875,0.31396484375,0.316162109375
874,0.39129638671875,0.270751953125,0.33795166015625
875,0.066650390625,0.73455810546875,0.19879150390625
876,0.40008544921875,0.421875,0.17803955078125
877,0.47900390625,0.366943359375,0.154052734375
878,0.45965576171875,0.3504638671875,0.18988037109375
879,0.4185791015625,0.327880859375,0.2535400390625
880,0.49102783203125,0.38677978515625,0.1221923828125
881,0.55535888671875,0.35467529296875,0.0899658203125
882,0.30694580078125,0.30865478515625,0.3843994140625
883,0.08331298828125,0.325927734375,0.59075927734375
884,0.1434326171875,0.55975341796875,0.29681396484375
885,0.44189453125,0.4156494140625,0.1424560546875
886,0.23150634765625,0.4622802734375,0.30621337890625
887,0.514892578125,0.30615234375,0.178955078125
888,0.51666259765625,0.21826171875,0.26507568359375
889,0.2041015625,0.32562255859375,0.47027587890625
890,0.417236328125,0.26519775390625,0.31756591796875
892,0.47698974609375,0.2564697265625,0.26654052734375
893,0.2445068359375,0.4453125,0.3101806640625
894,0.336669921875,0.37164306640625,0.29168701171875
895,0.2144775390625,0.4581298828125,0.327392578125
896,0.2369384765625,0.39739990234375,0.36566162109375
897,0.4073486328125,0.50848388671875,0.08416748046875
898,0.39300537109375,0.29852294921875,0.3084716796875
899,0.4515380859375,0.273193359375,0.2752685546875
900,0.29815673828125,0.32525634765625,0.3765869140625
901,0.44207763671875,0.27532958984375,0.2825927734375
902,0.076171875,0.812744140625,0.111083984375
903,0.24822998046875,0.46875,0.28302001953125
904,0.14459228515625,0.48876953125,0.36663818359375
905,0.46490478515625,0.3963623046875,0.13873291015625
906,0.40386962890625,0.3929443359375,0.20318603515625
907,0.5345458984375,0.37078857421875,0.09466552734375
908,0.4234619140625,0.39715576171875,0.17938232421875
909,0.299072265625,0.196533203125,0.50439453125
910,0.5146484375,0.43157958984375,0.05377197265625
911,0.1888427734375,0.40234375,0.4088134765625
912,0.2764892578125,0.38140869140625,0.34210205078125
913,0.2869873046875,0.53375244140625,0.17926025390625
914,0.29827880859375,0.4520263671875,0.24969482421875
915,0.2281494140625,0.4755859375,0.2962646484375
916,0.331298828125,0.3736572265625,0.2950439453125
917,0.4840087890625,0.3365478515625,0.179443359375
918,0.3018798828125,0.23577880859375,0.46234130859375
919,0.3360595703125,0.3597412109375,0.30419921875
920,0.28961181640625,0.424072265625,0.28631591796875
921,0.33526611328125,0.4161376953125,0.24859619140625
922,0.43231201171875,0.4295654296875,0.13812255859375
923,0.397705078125,0.2935791015625,0.3087158203125
924,0.4932861328125,0.43292236328125,0.07379150390625
925,0.40057373046875,0.4844970703125,0.11492919921875
926,0.40972900390625,0.46240234375,0.12786865234375
927,0.37933349609375,0.3603515625,0.26031494140625
928,0.1856689453125,0.4649658203125,0.349365234375
929,0.107421875,0.5274658203125,0.3651123046875
930,0.16033935546875,0.56573486328125,0.27392578125
931,0.17193603515625,0.49169921875,0.33636474609375
932,0.33673095703125,0.10284423828125,0.5604248046875
933,0.14178466796875,0.29931640625,0.55889892578125
934,0.50946044921875,0.46624755859375,0.0242919921875
935,0.33642578125,0.3363037109375,0.3272705078125
936,0.21881103515625,0.410400390625,0.37078857421875
937,0.13916015625,0.51904296875,0.341796875
938,0.12322998046875,0.46435546875,0.41241455078125
940,0.45648193359375,0.47589111328125,0.067626953125
941,0.59185791015625,0.17913818359375,0.22900390625
942,0.26397705078125,0.37176513671875,0.3642578125
943,0.4149169921875,0.35870361328125,0.22637939453125
944,0.18072509765625,0.40679931640625,0.4124755859375
945,0.364990234375,0.30999755859375,0.32501220703125
946,0.30596923828125,0.28778076171875,0.40625
947,0.16131591796875,0.330078125,0.50860595703125
948,0.10174560546875,0.45233154296875,0.4459228515625
949,0.25103759765625,0.42431640625,0.32464599609375
950,0.06494140625,0.5185546875,0.41650390625
951,0.28955078125,0.46392822265625,0.24652099609375
952,0.08868408203125,0.63427734375,0.27703857421875
953,0.1793212890625,0.5235595703125,0.297119140625
954,0.48089599609375,0.33447265625,0.18463134765625
955,0.41192626953125,0.41595458984375,0.172119140625
956,0.40789794921875,0.260009765625,0.33209228515625
957,0.2723388671875,0.45501708984375,0.27264404296875
958,0.4468994140625,0.41119384765625,0.14190673828125
959,0.290771484375,0.4683837890625,0.2408447265625
960,0.41070556640625,0.40301513671875,0.186279296875
961,0.375,0.4329833984375,0.1920166015625
962,0.31414794921875,0.53216552734375,0.1536865234375
963,0.30340576171875,0.47686767578125,0.2197265625
964,0.2633056640625,0.48052978515625,0.25616455078125
965,0.19049072265625,0.54754638671875,0.261962890625
966,0.27880859375,0.34857177734375,0.37261962890625
967,0.20672607421875,0.288330078125,0.50494384765625
968,0.3531494140625,0.337890625,0.3089599609375
969,0.23162841796875,0.4326171875,0.33575439453125
970,0.42779541015625,0.34222412109375,0.22998046875
971,0.26806640625,0.33349609375,0.3984375
972,0.2191162109375,0.425537109375,0.3553466796875
973,0.38604736328125,0.36505126953125,0.2489013671875
974,0.42364501953125,0.39105224609375,0.185302734375
975,0.25250244140625,0.3477783203125,0.39971923828125
976,0.19659423828125,0.5367431640625,0.26666259765625
977,0.32275390625,0.37103271484375,0.30621337890625
978,0.48931884765625,0.43896484375,0.07171630859375
979,0.49566650390625,0.38739013671875,0.116943359375
980,0.33203125,0.368896484375,0.299072265625
981,0.36224365234375,0.61370849609375,0.0240478515625
982,0.24285888671875,0.6064453125,0.15069580078125
983,0.36383056640625,0.49896240234375,0.13720703125
984,0.42071533203125,0.44744873046875,0.1318359375
985,0.50274658203125,0.1923828125,0.30487060546875
986,0.32574462890625,0.5621337890625,0.11212158203125
987,0.44085693359375,0.38970947265625,0.16943359375
988,0.23187255859375,0.60943603515625,0.15869140625
989,0.1334228515625,0.27484130859375,0.59173583984375
990,0.2550048828125,0.6177978515625,0.127197265625
991,0.39288330078125,0.35711669921875,0.25
992,0.29571533203125,0.35638427734375,0.347900390625
993,0.37542724609375,0.3370361328125,0.28753662109375
994,0.21343994140625,0.40478515625,0.38177490234375
995,0.27642822265625,0.451171875,0.27239990234375
996,0.24090576171875,0.474609375,0.28448486328125
997,0.33111572265625,0.51605224609375,0.15283203125
998,0.27532958984375,0.50390625,0.22076416015625
999,0.21099853515625,0.7503662109375,0.03863525390625
1000,0.6182861328125,0.1876220703125,0.194091796875
1001,0.32623291015625,0.4273681640625,0.24639892578125
1002,0.47174072265625,0.38018798828125,0.1480712890625
1003,0.35516357421875,0.48126220703125,0.16357421875
1004,0.28387451171875,0.3155517578125,0.40057373046875
1005,0.41802978515625,0.52996826171875,0.052001953125
1006,0.31280517578125,0.3277587890625,0.35943603515625
1007,0.3553466796875,0.455078125,0.1895751953125
1008,0.46881103515625,0.37060546875,0.16058349609375
1009,0.2579345703125,0.50518798828125,0.23687744140625
1010,0.4178466796875,0.3583984375,0.2237548828125
1011,0.43865966796875,0.2572021484375,0.30413818359375
1012,0.4599609375,0.291015625,0.2490234375
1013,0.36175537109375,0.330078125,0.30816650390625
1014,0.3797607421875,0.28765869140625,0.33258056640625
1015,0.22705078125,0.38665771484375,0.38629150390625
1016,0.58099365234375,0.2825927734375,0.13641357421875
1017,0.3167724609375,0.65911865234375,0.02410888671875
1018,0.08172607421875,0.56793212890625,0.350341796875
1019,0.37823486328125,0.3770751953125,0.24468994140625
1020,0.37725830078125,0.3966064453125,0.22613525390625
1021,0.35540771484375,0.4019775390625,0.24261474609375
1022,0.3175048828125,0.5421142578125,0.140380859375
1023,0.3731689453125,0.39501953125,0.2318115234375
1024,0.40777587890625,0.35260009765625,0.2396240234375
1025,0.13958740234375,0.43115234375,0.42926025390625
1026,0.3355712890625,0.27734375,0.3870849609375
1027,0.23077392578125,0.38018798828125,0.3890380859375
1028,0.13433837890625,0.44683837890625,0.4188232421875
1029,0.19775390625,0.48907470703125,0.31317138671875
1030,0.2149658203125,0.43341064453125,0.35162353515625
1031,0.12213134765625,0.406494140625,0.47137451171875
1032,0.15325927734375,0.448486328125,0.39825439453125
1033,0.3988037109375,0.21820068359375,0.38299560546875
1034,0.3916015625,0.166748046875,0.441650390625
1035,0.21551513671875,0.4324951171875,0.35198974609375
1036,0.2230224609375,0.43487548828125,0.34210205078125
1037,0.2877197265625,0.4124755859375,0.2998046875
1038,0.38092041015625,0.2698974609375,0.34918212890625
1039,0.333984375,0.2769775390625,0.3890380859375
1040,0.2642822265625,0.3890380859375,0.3466796875
1041,0.30303955078125,0.49664306640625,0.2003173828125
1042,0.44830322265625,0.3824462890625,0.16925048828125
1043,0.32220458984375,0.399169921875,0.27862548828125
1044,0.33831787109375,0.38812255859375,0.2735595703125
1045,0.26568603515625,0.376953125,0.35736083984375
1046,0.40447998046875,0.5057373046875,0.08978271484375
1047,0.35015869140625,0.387451171875,0.26239013671875
1048,0.6075439453125,0.30389404296875,0.08856201171875
1049,0.417236328125,0.251220703125,0.33154296875
1050,0.33941650390625,0.40753173828125,0.2530517578125
1051,0.3175048828125,0.3902587890625,0.292236328125
1052,0.29522705078125,0.39776611328125,0.3070068359375
1053,0.1865234375,0.58184814453125,0.23162841796875
1054,0.21240234375,0.60369873046875,0.18389892578125
1055,0.41357421875,0.35699462890625,0.22943115234375
1056,0.1929931640625,0.41668701171875,0.39031982421875
1057,0.296875,0.4078369140625,0.2952880859375
1058,0.25537109375,0.49688720703125,0.24774169921875
1059,0.300048828125,0.4332275390625,0.2667236328125
1060,0.25042724609375,0.48858642578125,0.260986328125
1061,0.28997802734375,0.47369384765625,0.236328125
1062,0.2406005859375,0.65631103515625,0.10308837890625
1063,0.42230224609375,0.392822265625,0.18487548828125
1064,0.158447265625,0.5220947265625,0.3194580078125
1065,0.21563720703125,0.4456787109375,0.33868408203125
1066,0.34222412109375,0.48614501953125,0.171630859375
1067,0.3543701171875,0.39715576171875,0.24847412109375
1068,0.416748046875,0.345703125,0.237548828125
1069,0.38299560546875,0.4432373046875,0.17376708984375
1070,0.3829345703125,0.4197998046875,0.197265625
1071,0.2578125,0.37396240234375,0.36822509765625
1072,0.243408203125,0.39239501953125,0.36419677734375
1073,0.22216796875,0.32879638671875,0.44903564453125
1074,0.24053955078125,0.29595947265625,0.4635009765625
1075,0.2720947265625,0.4033203125,0.3245849609375
1076,0.41064453125,0.38153076171875,0.20782470703125
1077,0.37469482421875,0.40936279296875,0.2159423828125
1078,0.31048583984375,0.3326416015625,0.35687255859375
1079,0.35205078125,0.20941162109375,0.43853759765625
1080,0.32916259765625,0.27880859375,0.39202880859375
1081,0.36529541015625,0.41070556640625,0.2239990234375
1082,0.44989013671875,0.40704345703125,0.14306640625
1083,0.3802490234375,0.4317626953125,0.18798828125
1084,0.67010498046875,0.14788818359375,0.1820068359375
1085,0.4329833984375,0.3548583984375,0.212158203125
1086,0.4124755859375,0.327392578125,0.2601318359375
1087,0.32769775390625,0.53155517578125,0.1407470703125
1088,0.40301513671875,0.402587890625,0.19439697265625
1089,0.18780517578125,0.6280517578125,0.18414306640625
1090,0.11151123046875,0.54998779296875,0.3385009765625
1091,0.3421630859375,0.28045654296875,0.37738037109375
1092,0.22900390625,0.4757080078125,0.2952880859375
1093,0.42010498046875,0.33917236328125,0.24072265625
1094,0.362548828125,0.30987548828125,0.32757568359375
1095,0.35614013671875,0.32366943359375,0.3201904296875
1096,0.396240234375,0.393310546875,0.21044921875
1097,0.37353515625,0.414306640625,0.212158203125
1098,0.2664794921875,0.43115234375,0.3023681640625
1099,0.216552734375,0.52001953125,0.263427734375
1100,0.2401123046875,0.43701171875,0.3228759765625
1101,0.41107177734375,0.44146728515625,0.1474609375
1102,0.47882080078125,0.329345703125,0.19183349609375
1103,0.2991943359375,0.5140380859375,0.186767578125
1104,0.4407958984375,0.16192626953125,0.39727783203125
1105,0.568359375,0.28668212890625,0.14495849609375
1106,0.38653564453125,0.39642333984375,0.217041015625
1107,0.33575439453125,0.56982421875,0.09442138671875
1108,0.49072265625,0.1986083984375,0.3106689453125
1109,0.3514404296875,0.47271728515625,0.17584228515625
1110,0.30072021484375,0.55877685546875,0.1405029296875
1111,0.4156494140625,0.416015625,0.1683349609375
1112,0.08367919921875,0.522216796875,0.39410400390625
1113,0.14788818359375,0.47161865234375,0.3804931640625
1114,0.209228515625,0.45050048828125,0.34027099609375
1115,0.324462890625,0.42913818359375,0.24639892578125
1116,0.3311767578125,0.39459228515625,0.27423095703125
1117,0.30950927734375,0.114501953125,0.57598876953125
1118,0.2186279296875,0.2420654296875,0.539306640625
1119,0.1767578125,0.34716796875,0.47607421875
1120,0.21026611328125,0.612548828125,0.17718505859375
1121,0.44561767578125,0.38092041015625,0.1734619140625
1122,0.26165771484375,0.48602294921875,0.2523193359375
1123,0.20819091796875,0.42498779296875,0.3668212890625
1124,0.24664306640625,0.35943603515625,0.3939208984375
1125,0.45001220703125,0.38336181640625,0.1666259765625
1126,0.497314453125,0.32550048828125,0.17718505859375
1127,0.44610595703125,0.3291015625,0.22479248046875
1128,0.45758056640625,0.2509765625,0.29144287109375
1129,0.5382080078125,0.43212890625,0.0296630859375
1130,0.08319091796875,0.84228515625,0.07452392578125
1131,0.11224365234375,0.78173828125,0.10601806640625
1132,0.35284423828125,0.5115966796875,0.13555908203125
1133,0.32098388671875,0.48602294921875,0.1929931640625
1134,0.28448486328125,0.414794921875,0.30072021484375
1135,0.25762939453125,0.61822509765625,0.1241455078125
1136,0.37628173828125,0.20050048828125,0.4232177734375
1137,0.357421875,0.25146484375,0.39111328125
1138,0.61346435546875,0.3294677734375,0.05706787109375
1139,0.2230224609375,0.359619140625,0.4173583984375
1140,0.3533935546875,0.47625732421875,0.17034912109375
1141,0.30255126953125,0.26776123046875,0.4296875
1142,0.25341796875,0.4222412109375,0.3243408203125
1143,0.29510498046875,0.41949462890625,0.285400390625
1144,0.30084228515625,0.34893798828125,0.3502197265625
1145,0.18994140625,0.4959716796875,0.3140869140625
1146,0.156494140625,0.48126220703125,0.36224365234375
1147,0.22039794921875,0.44903564453125,0.33056640625
1148,0.19842529296875,0.527587890625,0.27398681640625
1149,0.17340087890625,0.28802490234375,0.53857421875
1150,0.08917236328125,0.39642333984375,0.514404296875
1151,0.147705078125,0.56549072265625,0.28680419921875
1152,0.39691162109375,0.55657958984375,0.0465087890625
1153,0.51483154296875,0.2818603515625,0.20330810546875
1154,0.397216796875,0.25750732421875,0.34527587890625
1155,0.29425048828125,0.314453125,0.39129638671875
1156,0.25396728515625,0.4732666015625,0.27276611328125
1157,0.5482177734375,0.2822265625,0.1695556640625
1158,0.26556396484375,0.39093017578125,0.343505859375
1159,0.17889404296875,0.3604736328125,0.46063232421875
1160,0.1527099609375,0.66387939453125,0.18341064453125
1162,0.22308349609375,0.12548828125,0.65142822265625
1163,0.45404052734375,0.47845458984375,0.0675048828125
1164,0.41265869140625,0.32952880859375,0.2578125
1165,0.34564208984375,0.32183837890625,0.33251953125
1166,0.05694580078125,0.55859375,0.38446044921875
1167,0.12225341796875,0.52734375,0.35040283203125
1168,0.15838623046875,0.4476318359375,0.39398193359375
1169,0.21710205078125,0.53204345703125,0.2508544921875
1170,0.04229736328125,0.71087646484375,0.246826171875
1171,0.14703369140625,0.42633056640625,0.4266357421875
1172,0.36187744140625,0.263671875,0.37445068359375
1173,0.29583740234375,0.2960205078125,0.40814208984375
1174,0.46575927734375,0.29754638671875,0.2366943359375
1175,0.25531005859375,0.54815673828125,0.196533203125
1176,0.31597900390625,0.37200927734375,0.31201171875
1177,0.58935546875,0.2481689453125,0.1624755859375
1178,0.3096923828125,0.4434814453125,0.246826171875
1179,0.23345947265625,0.393798828125,0.37274169921875
1180,0.2762451171875,0.33837890625,0.3853759765625
1181,0.4520263671875,0.37115478515625,0.17681884765625
1182,0.5738525390625,0.174072265625,0.2520751953125
1183,0.33428955078125,0.3038330078125,0.36187744140625
1184,0.3115234375,0.6480712890625,0.0404052734375
1185,0.49505615234375,0.29217529296875,0.2127685546875
1186,0.42498779296875,0.3182373046875,0.25677490234375
1187,0.3804931640625,0.42108154296875,0.19842529296875
1188,0.49505615234375,0.2855224609375,0.21942138671875
1189,0.4283447265625,0.36199951171875,0.20965576171875
1191,0.20074462890625,0.6314697265625,0.16778564453125
1192,0.33642578125,0.38458251953125,0.27899169921875
1193,0.31060791015625,0.4423828125,0.24700927734375
1194,0.083740234375,0.5460205078125,0.3702392578125
1195,0.13616943359375,0.451171875,0.41265869140625
1196,0.2100830078125,0.39544677734375,0.39447021484375
1197,0.35711669921875,0.432861328125,0.21002197265625
1198,0.71575927734375,0.1868896484375,0.09735107421875
1199,0.5631103515625,0.3043212890625,0.132568359375
1200,0.17242431640625,0.37847900390625,0.4490966796875
1201,0.09326171875,0.43994140625,0.466796875
1202,0.14447021484375,0.4658203125,0.38970947265625
1203,0.0172119140625,0.79888916015625,0.18389892578125
1204,0.05328369140625,0.56732177734375,0.37939453125
1205,0.15008544921875,0.4871826171875,0.36273193359375
1206,0.40460205078125,0.3160400390625,0.27935791015625
1207,0.4083251953125,0.568603515625,0.0230712890625
1208,0.3851318359375,0.42828369140625,0.18658447265625
1209,0.36322021484375,0.42041015625,0.21636962890625
1210,0.262451171875,0.4954833984375,0.2420654296875
1211,0.35968017578125,0.3394775390625,0.30084228515625
1212,0.3154296875,0.442626953125,0.241943359375
1213,0.29022216796875,0.433349609375,0.27642822265625
1214,0.17791748046875,0.611083984375,0.21099853515625
1215,0.37249755859375,0.4881591796875,0.13934326171875
1216,0.482421875,0.39373779296875,0.12384033203125
1217,0.33843994140625,0.3438720703125,0.31768798828125
1218,0.20733642578125,0.452880859375,0.33978271484375
1219,0.35015869140625,0.4559326171875,0.19390869140625
1220,0.3021240234375,0.41278076171875,0.28509521484375
1221,0.3057861328125,0.54754638671875,0.14666748046875
1222,0.27587890625,0.42254638671875,0.30157470703125
1223,0.2012939453125,0.46185302734375,0.33685302734375
1224,0.29534912109375,0.5072021484375,0.19744873046875
1225,0.099365234375,0.51654052734375,0.38409423828125
1226,0.2880859375,0.3787841796875,0.3331298828125
1227,0.43988037109375,0.274169921875,0.28594970703125
1228,0.2138671875,0.3858642578125,0.4002685546875
1229,0.23822021484375,0.3409423828125,0.42083740234375
1230,0.27642822265625,0.42633056640625,0.2972412109375
1231,0.44744873046875,0.29449462890625,0.258056640625
1232,0.3907470703125,0.307373046875,0.3018798828125
1233,0.17413330078125,0.40460205078125,0.4212646484375
1234,0.20489501953125,0.4234619140625,0.37164306640625
1235,0.25726318359375,0.72442626953125,0.018310546875
1236,0.46807861328125,0.372802734375,0.15911865234375
1237,0.6641845703125,0.27130126953125,0.06451416015625
1238,0.4906005859375,0.3466796875,0.1627197265625
1239,0.4364013671875,0.32666015625,0.2369384765625
1240,0.395263671875,0.3232421875,0.281494140625
1241,0.44659423828125,0.4495849609375,0.10382080078125
1242,0.368896484375,0.47344970703125,0.15765380859375
1243,0.3428955078125,0.4639892578125,0.193115234375
1244,0.30242919921875,0.43426513671875,0.2633056640625
1245,0.4000244140625,0.53131103515625,0.06866455078125
1246,0.4881591796875,0.1710205078125,0.3408203125
1247,0.431396484375,0.35736083984375,0.21124267578125
1248,0.4276123046875,0.45391845703125,0.11846923828125
1249,0.24261474609375,0.31890869140625,0.4384765625
1250,0.510498046875,0.32098388671875,0.16851806640625
1251,0.19464111328125,0.39715576171875,0.408203125
1252,0.4063720703125,0.42156982421875,0.17205810546875
1253,0.2823486328125,0.3607177734375,0.35693359375
1254,0.30487060546875,0.367919921875,0.32720947265625
1255,0.20184326171875,0.5115966796875,0.28656005859375
1256,0.29150390625,0.24896240234375,0.45953369140625
1257,0.05810546875,0.4951171875,0.44677734375
1258,0.2655029296875,0.31890869140625,0.41558837890625
1259,0.27716064453125,0.329833984375,0.39300537109375
1260,0.32391357421875,0.387939453125,0.28814697265625
1261,0.29058837890625,0.31463623046875,0.394775390625
1262,0.16253662109375,0.40118408203125,0.436279296875
1263,0.16741943359375,0.394775390625,0.43780517578125
1264,0.25836181640625,0.50933837890625,0.2322998046875
1265,0.0496826171875,0.56695556640625,0.38336181640625
1266,0.4432373046875,0.470458984375,0.0863037109375
1267,0.37628173828125,0.26263427734375,0.361083984375
1268,0.4481201171875,0.32843017578125,0.22344970703125
1269,0.3343505859375,0.23675537109375,0.42889404296875
1270,0.38427734375,0.52978515625,0.0859375
1271,0.35321044921875,0.33721923828125,0.3095703125
1272,0.23028564453125,0.48583984375,0.28387451171875
1273,0.16070556640625,0.511474609375,0.32781982421875
1274,0.39093017578125,0.45654296875,0.15252685546875
1275,0.42266845703125,0.41888427734375,0.158447265625
1276,0.4437255859375,0.30755615234375,0.24871826171875
1277,0.2255859375,0.4024658203125,0.3719482421875
1278,0.42926025390625,0.4102783203125,0.16046142578125
1279,0.325439453125,0.29595947265625,0.37860107421875
1280,0.27008056640625,0.51031494140625,0.2196044921875
1281,0.16375732421875,0.46514892578125,0.37109375
1282,0.48046875,0.32427978515625,0.19525146484375
1283,0.567138671875,0.2838134765625,0.1490478515625
1284,0.64068603515625,0.30706787109375,0.05224609375
1285,0.52825927734375,0.3299560546875,0.14178466796875
1286,0.18524169921875,0.4776611328125,0.33709716796875
1287,0.36920166015625,0.33746337890625,0.2933349609375
1288,0.16888427734375,0.42431640625,0.40679931640625
1289,0.3040771484375,0.38128662109375,0.31463623046875
1290,0.2640380859375,0.35980224609375,0.37615966796875
1291,0.32916259765625,0.30889892578125,0.3619384765625
1292,0.093017578125,0.4501953125,0.456787109375
1293,0.3482666015625,0.34405517578125,0.30767822265625
1294,0.202880859375,0.41357421875,0.383544921875
1295,0.409912109375,0.11822509765625,0.47186279296875
1296,0.3717041015625,0.3035888671875,0.32470703125
1297,0.5009765625,0.47314453125,0.02587890625
1298,0.672119140625,0.22833251953125,0.09954833984375
1299,0.16131591796875,0.36871337890625,0.469970703125
1300,0.25872802734375,0.3861083984375,0.35516357421875
1301,0.37725830078125,0.35888671875,0.26385498046875
1302,0.3521728515625,0.3912353515625,0.256591796875
1303,0.38897705078125,0.264404296875,0.34661865234375
1304,0.316650390625,0.2635498046875,0.4197998046875
1305,0.3057861328125,0.38323974609375,0.31097412109375
1307,0.2908935546875,0.1116943359375,0.597412109375
1308,0.2296142578125,0.48590087890625,0.28448486328125
1309,0.36419677734375,0.57122802734375,0.0645751953125
1310,0.217529296875,0.42449951171875,0.35797119140625
1311,0.43865966796875,0.41802978515625,0.143310546875
1312,0.21575927734375,0.49835205078125,0.285888671875
1313,0.19879150390625,0.41314697265625,0.3880615234375
1314,0.40850830078125,0.27001953125,0.32147216796875
1315,0.31390380859375,0.34246826171875,0.3436279296875
1316,0.35028076171875,0.308349609375,0.34136962890625
1317,0.16461181640625,0.51776123046875,0.317626953125
1318,0.11669921875,0.42718505859375,0.45611572265625
1319,0.4298095703125,0.1221923828125,0.447998046875
1320,0.41571044921875,0.38739013671875,0.1968994140625
1321,0.48760986328125,0.3331298828125,0.17926025390625
1322,0.3287353515625,0.419677734375,0.2515869140625
1323,0.431640625,0.36566162109375,0.20269775390625
1324,0.5699462890625,0.40740966796875,0.02264404296875
1325,0.60345458984375,0.31365966796875,0.0828857421875
1326,0.1533203125,0.4034423828125,0.4432373046875
1327,0.2236328125,0.42205810546875,0.35430908203125
1328,0.333251953125,0.27227783203125,0.39447021484375
1329,0.42071533203125,0.26300048828125,0.3162841796875
1330,0.58203125,0.34295654296875,0.07501220703125
1331,0.12384033203125,0.569580078125,0.30657958984375
1332,0.39959716796875,0.35107421875,0.24932861328125
1333,0.3275146484375,0.46502685546875,0.20745849609375
1334,0.25347900390625,0.5062255859375,0.24029541015625
1335,0.61151123046875,0.1845703125,0.20391845703125
1336,0.3148193359375,0.36248779296875,0.32269287109375
1337,0.19879150390625,0.400390625,0.40081787109375
1338,0.33917236328125,0.2872314453125,0.37359619140625
1339,0.25018310546875,0.425537109375,0.32427978515625
1340,0.1898193359375,0.55145263671875,0.25872802734375
1341,0.47808837890625,0.2703857421875,0.25152587890625
1342,0.366455078125,0.300048828125,0.33349609375
1343,0.32647705078125,0.653076171875,0.02044677734375
1344,0.49029541015625,0.3411865234375,0.16851806640625
1345,0.1126708984375,0.27838134765625,0.60894775390625
1346,0.09356689453125,0.27496337890625,0.6314697265625
1347,0.5338134765625,0.25225830078125,0.21392822265625
1348,0.368896484375,0.402587890625,0.228515625
1349,0.13018798828125,0.503173828125,0.36663818359375
1350,0.55792236328125,0.05804443359375,0.384033203125
1351,0.20947265625,0.4053955078125,0.3851318359375
1352,0.189697265625,0.25079345703125,0.55950927734375
1353,0.4921875,0.22216796875,0.28564453125
1354,0.23699951171875,0.3466796875,0.41632080078125
1355,0.20452880859375,0.1336669921875,0.66180419921875
1356,0.40673828125,0.26629638671875,0.32696533203125
1357,0.41510009765625,0.40399169921875,0.180908203125
1358,0.2406005859375,0.45477294921875,0.30462646484375
1359,0.4425048828125,0.3824462890625,0.175048828125
1360,0.23468017578125,0.5391845703125,0.22613525390625
1361,0.31915283203125,0.42791748046875,0.2529296875
1362,0.3267822265625,0.4058837890625,0.267333984375
1363,0.3580322265625,0.46771240234375,0.17425537109375
1364,0.66632080078125,0.13983154296875,0.19384765625
1365,0.46087646484375,0.335693359375,0.20343017578125
1366,0.4044189453125,0.266845703125,0.3287353515625
1367,0.43658447265625,0.3795166015625,0.18389892578125
1368,0.35040283203125,0.446044921875,0.20355224609375
1369,0.432373046875,0.31134033203125,0.25628662109375
1370,0.37457275390625,0.24700927734375,0.37841796875
1371,0.22845458984375,0.35870361328125,0.412841796875
1372,0.1373291015625,0.38555908203125,0.47711181640625
1373,0.0404052734375,0.64202880859375,0.31756591796875
1374,0.2340087890625,0.215087890625,0.5509033203125
1375,0.15728759765625,0.31005859375,0.53265380859375
1376,0.19390869140625,0.4678955078125,0.33819580078125
1377,0.3563232421875,0.42706298828125,0.21661376953125
1378,0.14703369140625,0.35650634765625,0.4964599609375
1379,0.665771484375,0.12359619140625,0.21063232421875
1380,0.43670654296875,0.431640625,0.13165283203125
1381,0.58941650390625,0.14019775390625,0.2703857421875
1382,0.33160400390625,0.3642578125,0.30413818359375
1383,0.38116455078125,0.3739013671875,0.24493408203125
1384,0.43408203125,0.41455078125,0.1513671875
1385,0.232177734375,0.4796142578125,0.2882080078125
1386,0.13470458984375,0.4967041015625,0.36859130859375
1387,0.5489501953125,0.3106689453125,0.140380859375
1388,0.390380859375,0.47735595703125,0.13226318359375
1389,0.3035888671875,0.61138916015625,0.08502197265625
1390,0.49603271484375,0.31646728515625,0.1875
1391,0.328369140625,0.374267578125,0.29736328125
1392,0.5379638671875,0.21875,0.2432861328125
1393,0.2919921875,0.3916015625,0.31640625
1394,0.3953857421875,0.58990478515625,0.01470947265625
1395,0.463623046875,0.20489501953125,0.33148193359375
1396,0.611083984375,0.2119140625,0.177001953125
1397,0.4791259765625,0.3226318359375,0.1982421875
1398,0.40679931640625,0.3306884765625,0.26251220703125
1399,0.38818359375,0.309326171875,0.302490234375
1400,0.1771240234375,0.65631103515625,0.16656494140625
1401,0.586181640625,0.29278564453125,0.12103271484375
1402,0.40582275390625,0.5267333984375,0.06744384765625
1403,0.2974853515625,0.341796875,0.3607177734375
1404,0.17303466796875,0.30145263671875,0.5255126953125
1405,0.466064453125,0.225830078125,0.30810546875
1406,0.33660888671875,0.51104736328125,0.15234375
1407,0.3734130859375,0.42095947265625,0.20562744140625
1408,0.27874755859375,0.341796875,0.37945556640625
1409,0.36505126953125,0.22247314453125,0.4124755859375
1410,0.28564453125,0.23016357421875,0.48419189453125
1411,0.2774658203125,0.42242431640625,0.30010986328125
1412,0.12335205078125,0.474853515625,0.40179443359375
1413,0.41510009765625,0.4110107421875,0.17388916015625
1414,0.4061279296875,0.29876708984375,0.29510498046875
1415,0.5118408203125,0.2799072265625,0.208251953125
1416,0.494384765625,0.353271484375,0.15234375
1417,0.60052490234375,0.30047607421875,0.0989990234375
1418,0.28216552734375,0.45880126953125,0.259033203125
1419,0.4234619140625,0.47393798828125,0.10260009765625
1420,0.53472900390625,0.337890625,0.12738037109375
1421,0.305908203125,0.41717529296875,0.27691650390625
1422,0.1739501953125,0.43487548828125,0.39117431640625
1423,0.20550537109375,0.48345947265625,0.31103515625
1424,0.1788330078125,0.22540283203125,0.59576416015625
1425,0.33642578125,0.42156982421875,0.24200439453125
1426,0.33978271484375,0.40283203125,0.25738525390625
1427,0.26129150390625,0.47613525390625,0.2625732421875
1428,0.2825927734375,0.382080078125,0.3353271484375
1429,0.3455810546875,0.40667724609375,0.24774169921875
1430,0.431640625,0.4049072265625,0.1634521484375
1431,0.16278076171875,0.50140380859375,0.3358154296875
1432,0.19451904296875,0.62640380859375,0.1790771484375
1433,0.44281005859375,0.1968994140625,0.36029052734375
1434,0.4368896484375,0.18695068359375,0.37615966796875
1435,0.2611083984375,0.31976318359375,0.41912841796875
1436,0.15966796875,0.51580810546875,0.32452392578125
1437,0.14373779296875,0.48712158203125,0.369140625
1438,0.08331298828125,0.5494384765625,0.36724853515625
1439,0.12738037109375,0.5147705078125,0.35784912109375
1440,0.49639892578125,0.38214111328125,0.1214599609375
1441,0.31280517578125,0.2899169921875,0.39727783203125
1442,0.17718505859375,0.55889892578125,0.263916015625
1443,0.16851806640625,0.55010986328125,0.2813720703125
1444,0.2412109375,0.4593505859375,0.2994384765625
1445,0.16229248046875,0.52313232421875,0.3145751953125
1446,0.0716552734375,0.286376953125,0.6419677734375
1447,0.27313232421875,0.4237060546875,0.30316162109375
1448,0.10723876953125,0.4571533203125,0.43560791015625
1449,0.2877197265625,0.62457275390625,0.08770751953125
1450,0.1673583984375,0.4345703125,0.3980712890625
1451,0.19097900390625,0.401123046875,0.40789794921875
1452,0.62384033203125,0.350830078125,0.02532958984375
1453,0.60479736328125,0.32012939453125,0.0750732421875
1454,0.3619384765625,0.35284423828125,0.28521728515625
1455,0.5048828125,0.36627197265625,0.12884521484375
1456,0.35528564453125,0.49591064453125,0.1488037109375
1457,0.3853759765625,0.17840576171875,0.43621826171875
1458,0.468017578125,0.19110107421875,0.34088134765625
1459,0.24176025390625,0.468017578125,0.29022216796875
1460,0.0601806640625,0.532958984375,0.4068603515625
1461,0.11175537109375,0.47296142578125,0.415283203125
1462,0.41387939453125,0.28668212890625,0.2994384765625
1463,0.22418212890625,0.3909912109375,0.38482666015625
1464,0.17767333984375,0.3155517578125,0.50677490234375
1465,0.2073974609375,0.34869384765625,0.44390869140625
1466,0.12249755859375,0.4241943359375,0.45330810546875
1467,0.3779296875,0.35650634765625,0.26556396484375
1468,0.3695068359375,0.23040771484375,0.40008544921875
1469,0.367919921875,0.34283447265625,0.28924560546875
1471,0.07861328125,0.26995849609375,0.65142822265625
1472,0.06658935546875,0.4796142578125,0.45379638671875
1473,0.44061279296875,0.328125,0.23126220703125
1474,0.0404052734375,0.638671875,0.3209228515625
1475,0.15545654296875,0.4608154296875,0.38372802734375
1476,0.33746337890625,0.30877685546875,0.353759765625
1477,0.36907958984375,0.30859375,0.32232666015625
1478,0.42864990234375,0.3037109375,0.26763916015625
1479,0.50592041015625,0.297607421875,0.19647216796875
1480,0.158447265625,0.57354736328125,0.26800537109375
1481,0.5164794921875,0.39031982421875,0.09320068359375
1482,0.4652099609375,0.3946533203125,0.14013671875
1483,0.46295166015625,0.39874267578125,0.1383056640625
1484,0.59759521484375,0.2410888671875,0.16131591796875
1485,0.3551025390625,0.49847412109375,0.14642333984375
1486,0.156005859375,0.53118896484375,0.31280517578125
1487,0.3980712890625,0.28826904296875,0.31365966796875
1488,0.4342041015625,0.378662109375,0.1871337890625
1489,0.310302734375,0.34375,0.345947265625
1490,0.4312744140625,0.31854248046875,0.25018310546875
1491,0.267333984375,0.3743896484375,0.3582763671875
1492,0.33306884765625,0.44342041015625,0.2235107421875
1493,0.3453369140625,0.4222412109375,0.232421875
1494,0.57159423828125,0.25164794921875,0.1767578125
1495,0.38421630859375,0.45245361328125,0.163330078125
1496,0.5872802734375,0.2265625,0.1861572265625
1497,0.06292724609375,0.547607421875,0.38946533203125
1498,0.47283935546875,0.25189208984375,0.2752685546875
1499,0.3907470703125,0.324951171875,0.2843017578125
1500,0.4984130859375,0.3079833984375,0.193603515625
1501,0.296142578125,0.50811767578125,0.19573974609375
1502,0.5672607421875,0.38592529296875,0.04681396484375
1503,0.5159912109375,0.4078369140625,0.076171875
1504,0.6300048828125,0.3487548828125,0.021240234375
1505,0.53131103515625,0.41131591796875,0.057373046875
1506,0.63787841796875,0.11541748046875,0.2467041015625
1507,0.41595458984375,0.27667236328125,0.307373046875
1508,0.44525146484375,0.4228515625,0.13189697265625
1509,0.3746337890625,0.19500732421875,0.43035888671875
1510,0.383056640625,0.4954833984375,0.1214599609375
1511,0.1104736328125,0.6873779296875,0.2021484375
1512,0.27203369140625,0.5338134765625,0.19415283203125
1513,0.568359375,0.14617919921875,0.28546142578125
1514,0.3402099609375,0.20526123046875,0.45452880859375
1515,0.32293701171875,0.205078125,0.47198486328125
1516,0.30706787109375,0.35284423828125,0.340087890625
1517,0.24786376953125,0.4312744140625,0.32086181640625
1518,0.37542724609375,0.2996826171875,0.32489013671875
1519,0.34661865234375,0.39361572265625,0.259765625
1520,0.1026611328125,0.5791015625,0.3182373046875
1521,0.09552001953125,0.662353515625,0.24212646484375
1522,0.43548583984375,0.3861083984375,0.17840576171875
1523,0.3265380859375,0.41162109375,0.2618408203125
1524,0.35186767578125,0.443115234375,0.20501708984375
1525,0.2774658203125,0.49664306640625,0.22589111328125
1526,0.35919189453125,0.33984375,0.30096435546875
1527,0.39044189453125,0.20745849609375,0.402099609375
1528,0.27545166015625,0.36907958984375,0.35546875
1529,0.31951904296875,0.3558349609375,0.32464599609375
1530,0.3602294921875,0.3592529296875,0.280517578125
1531,0.19964599609375,0.4951171875,0.30523681640625
1532,0.08184814453125,0.62103271484375,0.297119140625
1533,0.41888427734375,0.49114990234375,0.0899658203125
1534,0.55303955078125,0.37103271484375,0.075927734375
1535,0.46417236328125,0.373779296875,0.16204833984375
1536,0.3714599609375,0.4622802734375,0.166259765625
1537,0.36541748046875,0.447509765625,0.18707275390625
1538,0.3909912109375,0.4261474609375,0.182861328125
1539,0.1907958984375,0.61187744140625,0.19732666015625
1540,0.2261962890625,0.57373046875,0.2000732421875
1541,0.385009765625,0.40380859375,0.211181640625
1542,0.28948974609375,0.3524169921875,0.35809326171875
1543,0.30096435546875,0.4866943359375,0.21234130859375
1544,0.2269287109375,0.41650390625,0.3565673828125
1545,0.33404541015625,0.40179443359375,0.26416015625
1546,0.2532958984375,0.43353271484375,0.31317138671875
1547,0.36492919921875,0.32421875,0.31085205078125
1548,0.3382568359375,0.37005615234375,0.29168701171875
1549,0.33941650390625,0.51336669921875,0.147216796875
1550,0.53570556640625,0.41650390625,0.04779052734375
1551,0.24993896484375,0.39520263671875,0.3548583984375
1552,0.27288818359375,0.4134521484375,0.31365966796875
1553,0.30133056640625,0.4007568359375,0.29791259765625
1554,0.27716064453125,0.47406005859375,0.248779296875
1555,0.3427734375,0.4610595703125,0.1961669921875
1556,0.421142578125,0.17315673828125,0.40570068359375
1557,0.36248779296875,0.40631103515625,0.231201171875
1558,0.28515625,0.48486328125,0.22998046875
1559,0.67193603515625,0.15045166015625,0.1776123046875
1560,0.470703125,0.1849365234375,0.3443603515625
1561,0.43817138671875,0.21514892578125,0.3466796875
1562,0.3145751953125,0.5908203125,0.0946044921875
1563,0.4359130859375,0.43194580078125,0.13214111328125
1564,0.39892578125,0.47296142578125,0.12811279296875
1565,0.31787109375,0.52227783203125,0.15985107421875
1568,0.37701416015625,0.24224853515625,0.3807373046875
1569,0.61846923828125,0.26434326171875,0.1171875
1570,0.51837158203125,0.344482421875,0.13714599609375
1571,0.4432373046875,0.42926025390625,0.12750244140625
1572,0.33258056640625,0.4227294921875,0.24468994140625
1573,0.28900146484375,0.40020751953125,0.310791015625
1574,0.23828125,0.39697265625,0.36474609375
1575,0.42205810546875,0.39544677734375,0.1824951171875
1576,0.4093017578125,0.33416748046875,0.25653076171875
1577,0.390625,0.3126220703125,0.2967529296875
1578,0.43841552734375,0.3731689453125,0.18841552734375
1579,0.36334228515625,0.41107177734375,0.2255859375
1580,0.48272705078125,0.340576171875,0.17669677734375
1581,0.22515869140625,0.36456298828125,0.4102783203125
1582,0.2291259765625,0.49090576171875,0.27996826171875
1583,0.35699462890625,0.3839111328125,0.25909423828125
1584,0.6571044921875,0.22247314453125,0.12042236328125
1585,0.65447998046875,0.20574951171875,0.1397705078125
1586,0.63629150390625,0.3514404296875,0.01226806640625
1587,0.53485107421875,0.40753173828125,0.0576171875
1588,0.509033203125,0.2977294921875,0.1932373046875
1589,0.3912353515625,0.4078369140625,0.200927734375
1590,0.687744140625,0.28948974609375,0.02276611328125
1591,0.661865234375,0.29632568359375,0.04180908203125
1592,0.1927490234375,0.61529541015625,0.19195556640625
1593,0.17279052734375,0.60186767578125,0.225341796875
1594,0.44964599609375,0.41351318359375,0.1368408203125
1595,0.432373046875,0.33551025390625,0.23211669921875
1596,0.429443359375,0.28240966796875,0.28814697265625
1597,0.34014892578125,0.31915283203125,0.3406982421875
1598,0.35443115234375,0.32122802734375,0.3243408203125
1599,0.44415283203125,0.42584228515625,0.1300048828125
1600,0.41278076171875,0.37103271484375,0.2161865234375
1601,0.47808837890625,0.22747802734375,0.29443359375
1602,0.59576416015625,0.36041259765625,0.0438232421875
1603,0.31756591796875,0.41387939453125,0.2685546875
1604,0.5281982421875,0.42791748046875,0.04388427734375
1605,0.1864013671875,0.45263671875,0.3609619140625
1606,0.21539306640625,0.41156005859375,0.373046875
1607,0.21087646484375,0.43450927734375,0.3546142578125
1608,0.63018798828125,0.26190185546875,0.10791015625
1609,0.1875,0.4630126953125,0.3494873046875
1610,0.16534423828125,0.36572265625,0.46893310546875
1611,0.276611328125,0.0985107421875,0.6248779296875
1612,0.3372802734375,0.1265869140625,0.5361328125
1613,0.3905029296875,0.4071044921875,0.202392578125
1614,0.32110595703125,0.47857666015625,0.2003173828125
1615,0.4114990234375,0.31829833984375,0.27020263671875
1616,0.4232177734375,0.435302734375,0.1414794921875
1617,0.554443359375,0.2816162109375,0.1639404296875
1618,0.569091796875,0.23846435546875,0.19244384765625
1619,0.42596435546875,0.3701171875,0.20391845703125
1620,0.2840576171875,0.47125244140625,0.24468994140625
1621,0.38629150390625,0.3909912109375,0.22271728515625
1622,0.3790283203125,0.4376220703125,0.183349609375
1623,0.35723876953125,0.4534912109375,0.18927001953125
1624,0.316650390625,0.44610595703125,0.23724365234375
1625,0.26348876953125,0.46246337890625,0.2740478515625
1626,0.4136962890625,0.3572998046875,0.22900390625
1627,0.3680419921875,0.35498046875,0.2769775390625
1628,0.19049072265625,0.371337890625,0.43817138671875
1629,0.0784912109375,0.43377685546875,0.48773193359375
1630,0.041259765625,0.5140380859375,0.4447021484375
1631,0.41021728515625,0.3985595703125,0.19122314453125
1632,0.30316162109375,0.4661865234375,0.23065185546875
1633,0.23321533203125,0.358154296875,0.40863037109375
1634,0.55126953125,0.26544189453125,0.18328857421875
1635,0.5159912109375,0.33331298828125,0.15069580078125
1636,0.48712158203125,0.39495849609375,0.117919921875
1637,0.1162109375,0.43487548828125,0.44891357421875
1638,0.15118408203125,0.76312255859375,0.085693359375
1639,0.3653564453125,0.44085693359375,0.19378662109375
1640,0.25079345703125,0.43408203125,0.31512451171875
1641,0.0618896484375,0.476318359375,0.4617919921875
1642,0.39697265625,0.5352783203125,0.0677490234375
1643,0.42626953125,0.4942626953125,0.0794677734375
1644,0.3729248046875,0.3818359375,0.2452392578125
1645,0.216064453125,0.28631591796875,0.49761962890625
1646,0.1273193359375,0.264404296875,0.6082763671875
1647,0.37603759765625,0.45770263671875,0.166259765625
1648,0.27960205078125,0.4456787109375,0.27471923828125
1649,0.4779052734375,0.40545654296875,0.11663818359375
1650,0.460205078125,0.3896484375,0.150146484375
1651,0.4447021484375,0.31597900390625,0.23931884765625
1652,0.49432373046875,0.3330078125,0.17266845703125
1653,0.48760986328125,0.3768310546875,0.13555908203125
1654,0.20391845703125,0.43218994140625,0.3638916015625
1655,0.20404052734375,0.5440673828125,0.25189208984375
1656,0.1185302734375,0.50006103515625,0.38140869140625
1657,0.1207275390625,0.41015625,0.4691162109375
1658,0.33197021484375,0.43121337890625,0.23681640625
1659,0.56011962890625,0.2349853515625,0.20489501953125
1660,0.46783447265625,0.42816162109375,0.10400390625
1661,0.2003173828125,0.571044921875,0.2286376953125
1662,0.3834228515625,0.33465576171875,0.28192138671875
1663,0.41162109375,0.2978515625,0.29052734375
1664,0.282470703125,0.4619140625,0.255615234375
1665,0.33978271484375,0.34478759765625,0.3154296875
1666,0.46490478515625,0.486572265625,0.04852294921875
1667,0.54345703125,0.14306640625,0.3134765625
1668,0.33770751953125,0.5003662109375,0.16192626953125
1669,0.447021484375,0.23016357421875,0.32281494140625
1670,0.11456298828125,0.611572265625,0.27386474609375
1671,0.19635009765625,0.568115234375,0.23553466796875
1672,0.32373046875,0.48760986328125,0.18865966796875
1673,0.3353271484375,0.34747314453125,0.31719970703125
1674,0.2073974609375,0.4659423828125,0.32666015625
1675,0.152587890625,0.57012939453125,0.27728271484375
1676,0.1644287109375,0.69268798828125,0.14288330078125
1677,0.23992919921875,0.45648193359375,0.3035888671875
1678,0.3160400390625,0.49493408203125,0.18902587890625
1679,0.251220703125,0.54302978515625,0.20574951171875
1680,0.3927001953125,0.28466796875,0.3226318359375
1681,0.51031494140625,0.45172119140625,0.0379638671875
1682,0.43316650390625,0.4327392578125,0.13409423828125
1683,0.58612060546875,0.31292724609375,0.1009521484375
1684,0.5458984375,0.44085693359375,0.01324462890625
1685,0.36016845703125,0.35406494140625,0.2857666015625
1686,0.16455078125,0.37615966796875,0.45928955078125
1687,0.12359619140625,0.50994873046875,0.366455078125
1688,0.1234130859375,0.468505859375,0.4080810546875
1689,0.36468505859375,0.48199462890625,0.1533203125
1690,0.60321044921875,0.1796875,0.21710205078125
1691,0.45654296875,0.450927734375,0.092529296875
1692,0.56463623046875,0.22564697265625,0.209716796875
1693,0.13336181640625,0.46728515625,0.39935302734375
1694,0.4237060546875,0.24432373046875,0.33197021484375
1695,0.2896728515625,0.6029052734375,0.107421875
1696,0.341064453125,0.365234375,0.293701171875
1697,0.30230712890625,0.5213623046875,0.17633056640625
1698,0.60565185546875,0.1632080078125,0.23114013671875
1699,0.294677734375,0.5452880859375,0.1600341796875
1700,0.30474853515625,0.4901123046875,0.20513916015625
1701,0.32989501953125,0.47259521484375,0.197509765625
1702,0.43798828125,0.2430419921875,0.3189697265625
1703,0.087158203125,0.703125,0.209716796875
1704,0.40155029296875,0.39459228515625,0.203857421875
1705,0.27978515625,0.488037109375,0.232177734375
1706,0.494873046875,0.18280029296875,0.32232666015625
1707,0.48504638671875,0.40020751953125,0.11474609375
1708,0.42620849609375,0.330322265625,0.24346923828125
1709,0.1593017578125,0.447265625,0.3934326171875
1710,0.388427734375,0.45526123046875,0.15631103515625
1711,0.1722412109375,0.326171875,0.5015869140625
1712,0.1822509765625,0.404052734375,0.4136962890625
1713,0.41748046875,0.38232421875,0.2001953125
1714,0.62841796875,0.34161376953125,0.02996826171875
1715,0.31805419921875,0.52398681640625,0.157958984375
1716,0.50384521484375,0.36468505859375,0.1314697265625
1717,0.46270751953125,0.26190185546875,0.275390625
1718,0.48419189453125,0.19775390625,0.31805419921875
1719,0.21124267578125,0.29779052734375,0.490966796875
1720,0.259765625,0.40460205078125,0.33563232421875
1721,0.1754150390625,0.41046142578125,0.41412353515625
1722,0.28338623046875,0.461669921875,0.25494384765625
1723,0.24176025390625,0.42236328125,0.33587646484375
1724,0.32073974609375,0.5518798828125,0.12738037109375
1725,0.24371337890625,0.578857421875,0.17742919921875
1726,0.50628662109375,0.287109375,0.20660400390625
1727,0.35137939453125,0.39459228515625,0.2540283203125
1728,0.20953369140625,0.39202880859375,0.3984375
1729,0.5303955078125,0.28643798828125,0.18316650390625
1730,0.41131591796875,0.330078125,0.25860595703125
1731,0.09210205078125,0.447998046875,0.45989990234375
1732,0.214599609375,0.579345703125,0.2060546875
1733,0.54620361328125,0.1436767578125,0.31011962890625
1734,0.5211181640625,0.4447021484375,0.0341796875
1735,0.38287353515625,0.277587890625,0.33953857421875
1736,0.21295166015625,0.46136474609375,0.32568359375
1737,0.43780517578125,0.44696044921875,0.115234375
1738,0.2628173828125,0.5357666015625,0.201416015625
1739,0.3406982421875,0.37811279296875,0.28118896484375
1740,0.13385009765625,0.48406982421875,0.382080078125
1741,0.290771484375,0.61834716796875,0.09088134765625
1742,0.36663818359375,0.405029296875,0.22833251953125
1743,0.34124755859375,0.50177001953125,0.156982421875
1744,0.35308837890625,0.47589111328125,0.1710205078125
1745,0.15496826171875,0.37646484375,0.46856689453125
1746,0.08258056640625,0.30133056640625,0.6160888671875
1747,0.2808837890625,0.43719482421875,0.28192138671875
1748,0.09906005859375,0.541748046875,0.35919189453125
1749,0.06317138671875,0.5670166015625,0.36981201171875
1750,0.52655029296875,0.2860107421875,0.18743896484375
1751,0.6568603515625,0.293212890625,0.0499267578125
1752,0.11590576171875,0.521484375,0.36260986328125
1753,0.5064697265625,0.172607421875,0.3209228515625
1754,0.194580078125,0.40911865234375,0.39630126953125
1755,0.147705078125,0.4033203125,0.448974609375
1756,0.3421630859375,0.4412841796875,0.216552734375
1757,0.39495849609375,0.439208984375,0.16583251953125
1758,0.16253662109375,0.2001953125,0.63726806640625
1759,0.524658203125,0.3427734375,0.132568359375
1760,0.488525390625,0.25189208984375,0.25958251953125
1761,0.109619140625,0.16558837890625,0.72479248046875
1762,0.5640869140625,0.362548828125,0.0733642578125
1763,0.372802734375,0.5513916015625,0.0758056640625
1764,0.4267578125,0.38055419921875,0.19268798828125
1765,0.58746337890625,0.31573486328125,0.0968017578125
1766,0.25811767578125,0.43280029296875,0.30908203125
1767,0.3316650390625,0.34649658203125,0.32183837890625
1768,0.28662109375,0.48614501953125,0.22723388671875
1769,0.37188720703125,0.4459228515625,0.18218994140625
1770,0.08648681640625,0.61376953125,0.29974365234375
1771,0.27447509765625,0.4683837890625,0.25714111328125
1772,0.3546142578125,0.282470703125,0.3629150390625
1773,0.3690185546875,0.3338623046875,0.297119140625
1774,0.38702392578125,0.33575439453125,0.2772216796875
1775,0.36248779296875,0.40740966796875,0.2301025390625
1776,0.3228759765625,0.40570068359375,0.27142333984375
1777,0.39605712890625,0.28033447265625,0.3236083984375
1778,0.25665283203125,0.29608154296875,0.447265625
1779,0.1888427734375,0.298095703125,0.5130615234375
1780,0.41424560546875,0.3779296875,0.20782470703125
1781,0.44171142578125,0.3309326171875,0.22735595703125
1782,0.4580078125,0.28411865234375,0.25787353515625
1783,0.3536376953125,0.32830810546875,0.31805419921875
1784,0.09539794921875,0.4444580078125,0.46014404296875
1785,0.269775390625,0.46966552734375,0.26055908203125
1786,0.33636474609375,0.31915283203125,0.344482421875
1787,0.3975830078125,0.28289794921875,0.31951904296875
1788,0.19854736328125,0.480712890625,0.32073974609375
1789,0.2003173828125,0.4969482421875,0.302734375
1790,0.2088623046875,0.51776123046875,0.27337646484375
1791,0.5753173828125,0.31024169921875,0.11444091796875
1792,0.67413330078125,0.17010498046875,0.15576171875
1793,0.482177734375,0.36212158203125,0.15570068359375
1794,0.57049560546875,0.41998291015625,0.009521484375
1795,0.5040283203125,0.32928466796875,0.16668701171875
1796,0.60302734375,0.3878173828125,0.0091552734375
1797,0.5863037109375,0.38385009765625,0.02984619140625
1798,0.64703369140625,0.32867431640625,0.0242919921875
1799,0.58624267578125,0.378662109375,0.03509521484375
1800,0.30157470703125,0.2325439453125,0.46588134765625
1801,0.30084228515625,0.3731689453125,0.32598876953125
1802,0.1885986328125,0.4654541015625,0.345947265625
1803,0.175048828125,0.47601318359375,0.34893798828125
1804,0.3145751953125,0.3414306640625,0.343994140625
1805,0.1832275390625,0.57086181640625,0.24591064453125
1806,0.54180908203125,0.37158203125,0.08660888671875
1807,0.3551025390625,0.30328369140625,0.34161376953125
1808,0.3482666015625,0.34857177734375,0.30316162109375
1809,0.23388671875,0.53765869140625,0.22845458984375
1810,0.19189453125,0.4586181640625,0.3494873046875
1811,0.1307373046875,0.48065185546875,0.38861083984375
1812,0.18182373046875,0.3140869140625,0.50408935546875
1813,0.106689453125,0.28790283203125,0.60540771484375
1814,0.56201171875,0.30706787109375,0.13092041015625
1815,0.3397216796875,0.40924072265625,0.25103759765625
1816,0.36773681640625,0.39501953125,0.23724365234375
1817,0.30902099609375,0.36334228515625,0.32763671875
1818,0.3304443359375,0.38665771484375,0.28289794921875
1819,0.31109619140625,0.4200439453125,0.26885986328125
1820,0.26702880859375,0.443603515625,0.28936767578125
1821,0.23114013671875,0.49810791015625,0.270751953125
1822,0.287109375,0.55841064453125,0.15447998046875
1823,0.14654541015625,0.70458984375,0.14886474609375
1824,0.15301513671875,0.74139404296875,0.1055908203125
1825,0.19268798828125,0.6905517578125,0.11676025390625
1826,0.485107421875,0.39990234375,0.114990234375
1827,0.66400146484375,0.1597900390625,0.17620849609375
1828,0.35382080078125,0.33026123046875,0.31591796875
1829,0.43115234375,0.4390869140625,0.1297607421875
1830,0.59161376953125,0.21734619140625,0.1910400390625
1831,0.41180419921875,0.3343505859375,0.25384521484375
1832,0.43353271484375,0.316650390625,0.24981689453125
1833,0.40460205078125,0.31805419921875,0.27734375
1834,0.47314453125,0.30975341796875,0.21710205078125
1835,0.4046630859375,0.32373046875,0.2716064453125
1836,0.28778076171875,0.2376708984375,0.47454833984375
1837,0.1326904296875,0.43359375,0.4337158203125
1838,0.134521484375,0.5462646484375,0.3192138671875
1839,0.23016357421875,0.41949462890625,0.350341796875
1840,0.0770263671875,0.795654296875,0.1273193359375
1841,0.3609619140625,0.27203369140625,0.36700439453125
1842,0.5643310546875,0.21282958984375,0.22283935546875
1843,0.160888671875,0.6026611328125,0.2364501953125
1844,0.347412109375,0.40472412109375,0.24786376953125
1845,0.43756103515625,0.30255126953125,0.2598876953125
1846,0.3616943359375,0.357666015625,0.2806396484375
1847,0.38861083984375,0.39141845703125,0.219970703125
1848,0.364501953125,0.33404541015625,0.30145263671875
1849,0.313232421875,0.51373291015625,0.17303466796875
1850,0.15972900390625,0.46820068359375,0.3720703125
1851,0.16064453125,0.43756103515625,0.40179443359375
1852,0.4188232421875,0.36029052734375,0.22088623046875
1853,0.4891357421875,0.3604736328125,0.150390625
1854,0.446044921875,0.43511962890625,0.11883544921875
1855,0.34912109375,0.42852783203125,0.22235107421875
1856,0.3756103515625,0.5667724609375,0.0576171875
1857,0.355224609375,0.44390869140625,0.20086669921875
1858,0.244384765625,0.60150146484375,0.15411376953125
1859,0.6168212890625,0.1539306640625,0.229248046875
1860,0.38916015625,0.19635009765625,0.41448974609375
1861,0.25653076171875,0.43914794921875,0.3043212890625
1862,0.36419677734375,0.46124267578125,0.174560546875
1863,0.5601806640625,0.3302001953125,0.109619140625
1864,0.42913818359375,0.31317138671875,0.2576904296875
1865,0.45233154296875,0.13031005859375,0.4173583984375
1866,0.1409912109375,0.5247802734375,0.334228515625
1867,0.5474853515625,0.27459716796875,0.17791748046875
1868,0.08575439453125,0.72174072265625,0.1925048828125
1869,0.37158203125,0.28546142578125,0.34295654296875
1870,0.58538818359375,0.14984130859375,0.2647705078125
1871,0.48541259765625,0.38873291015625,0.1258544921875
1872,0.42620849609375,0.41552734375,0.15826416015625
1873,0.3992919921875,0.53094482421875,0.06976318359375
1874,0.33380126953125,0.4840087890625,0.18218994140625
1875,0.4061279296875,0.36297607421875,0.23089599609375
1876,0.30755615234375,0.43231201171875,0.2601318359375
1877,0.24346923828125,0.21044921875,0.54608154296875
1878,0.14532470703125,0.6552734375,0.19940185546875
1879,0.08135986328125,0.6007080078125,0.31793212890625
1880,0.295654296875,0.3035888671875,0.4007568359375
1881,0.3004150390625,0.3228759765625,0.376708984375
1882,0.4940185546875,0.0802001953125,0.42578125
1883,0.5355224609375,0.2796630859375,0.184814453125
1884,0.23236083984375,0.3154296875,0.45220947265625
1885,0.08929443359375,0.46905517578125,0.441650390625
1886,0.38275146484375,0.193603515625,0.42364501953125
1887,0.27288818359375,0.3807373046875,0.34637451171875
1888,0.3931884765625,0.2506103515625,0.356201171875
1889,0.2894287109375,0.36138916015625,0.34918212890625
1890,0.2799072265625,0.40472412109375,0.31536865234375
1891,0.41534423828125,0.377685546875,0.20697021484375
1892,0.15625,0.32159423828125,0.52215576171875
1893,0.03546142578125,0.32147216796875,0.64306640625
1894,0.20672607421875,0.3983154296875,0.39495849609375
1895,0.068115234375,0.29052734375,0.641357421875
1896,0.03912353515625,0.32696533203125,0.6339111328125
1897,0.3135986328125,0.45880126953125,0.22760009765625
1898,0.2730712890625,0.44830322265625,0.27862548828125
1899,0.24053955078125,0.4412841796875,0.31817626953125
1900,0.33514404296875,0.323974609375,0.34088134765625
1901,0.26898193359375,0.38671875,0.34429931640625
1902,0.43212890625,0.38818359375,0.1796875
1903,0.4478759765625,0.48291015625,0.0692138671875
1904,0.4136962890625,0.45880126953125,0.12750244140625
1905,0.362548828125,0.28564453125,0.351806640625
1906,0.2833251953125,0.31402587890625,0.40264892578125
1907,0.26202392578125,0.23004150390625,0.5079345703125
1908,0.23162841796875,0.36761474609375,0.4007568359375
1909,0.37432861328125,0.58404541015625,0.0416259765625
1910,0.1470947265625,0.4359130859375,0.4169921875
1911,0.05316162109375,0.44482421875,0.50201416015625
1912,0.19354248046875,0.4195556640625,0.38690185546875
1913,0.140869140625,0.3834228515625,0.4757080078125
1914,0.25439453125,0.51251220703125,0.23309326171875
1915,0.38531494140625,0.425048828125,0.18963623046875
1916,0.5001220703125,0.24163818359375,0.25823974609375
1917,0.19305419921875,0.4573974609375,0.34954833984375
1918,0.34393310546875,0.37890625,0.27716064453125
1919,0.61724853515625,0.2274169921875,0.15533447265625
1920,0.40655517578125,0.3726806640625,0.22076416015625
1921,0.29205322265625,0.47113037109375,0.23681640625
1922,0.48455810546875,0.3125,0.20294189453125
1923,0.51861572265625,0.249267578125,0.23211669921875
1924,0.35589599609375,0.39910888671875,0.2449951171875
1925,0.3153076171875,0.507568359375,0.1771240234375
1926,0.3970947265625,0.36444091796875,0.23846435546875
1927,0.3900146484375,0.25384521484375,0.35614013671875
1928,0.33001708984375,0.4962158203125,0.17376708984375
1929,0.40789794921875,0.41259765625,0.17950439453125
1930,0.1971435546875,0.4715576171875,0.331298828125
1931,0.14849853515625,0.37969970703125,0.4718017578125
1932,0.37530517578125,0.35870361328125,0.2659912109375
1933,0.458251953125,0.4417724609375,0.0999755859375
1934,0.27789306640625,0.48992919921875,0.232177734375
1935,0.32354736328125,0.49560546875,0.18084716796875
1936,0.325927734375,0.40570068359375,0.26837158203125
1937,0.3043212890625,0.45513916015625,0.24053955078125
1938,0.2681884765625,0.50299072265625,0.22882080078125
1939,0.20562744140625,0.51324462890625,0.2811279296875
1940,0.185546875,0.512451171875,0.302001953125
1941,0.16168212890625,0.67376708984375,0.16455078125
1942,0.63177490234375,0.31561279296875,0.0526123046875
1943,0.3131103515625,0.44439697265625,0.24249267578125
1944,0.4822998046875,0.34637451171875,0.17132568359375
1945,0.51495361328125,0.41497802734375,0.070068359375
1946,0.41693115234375,0.452880859375,0.13018798828125
1947,0.09295654296875,0.4747314453125,0.43231201171875
1948,0.246826171875,0.54046630859375,0.21270751953125
1949,0.40924072265625,0.3641357421875,0.22662353515625
1950,0.25616455078125,0.41534423828125,0.3284912109375
1951,0.133544921875,0.43255615234375,0.43389892578125
1952,0.2178955078125,0.45263671875,0.3294677734375
1953,0.497802734375,0.3563232421875,0.1458740234375
1954,0.20367431640625,0.38836669921875,0.407958984375
1955,0.41229248046875,0.370849609375,0.21685791015625
1956,0.36492919921875,0.22979736328125,0.4052734375
1957,0.3472900390625,0.26348876953125,0.38922119140625
1958,0.283935546875,0.447265625,0.268798828125
1959,0.46502685546875,0.392333984375,0.14263916015625
1960,0.411376953125,0.413818359375,0.1748046875
1961,0.47125244140625,0.1846923828125,0.34405517578125
1962,0.58404541015625,0.25445556640625,0.1614990234375
1963,0.2625732421875,0.32183837890625,0.41558837890625
1964,0.0997314453125,0.43792724609375,0.46234130859375
1965,0.31890869140625,0.38250732421875,0.298583984375
1966,0.31903076171875,0.2952880859375,0.38568115234375
1967,0.43408203125,0.30767822265625,0.25823974609375
1968,0.27532958984375,0.2667236328125,0.45794677734375
1969,0.32196044921875,0.1580810546875,0.51995849609375
1970,0.4176025390625,0.40338134765625,0.17901611328125
1971,0.62603759765625,0.3079833984375,0.06597900390625
1972,0.254638671875,0.5318603515625,0.2135009765625
1973,0.5048828125,0.361572265625,0.133544921875
1974,0.33148193359375,0.4365234375,0.23199462890625
1975,0.21893310546875,0.46197509765625,0.319091796875
1976,0.21942138671875,0.45111083984375,0.3294677734375
1977,0.36895751953125,0.45556640625,0.17547607421875
1978,0.31683349609375,0.41497802734375,0.2681884765625
1979,0.23089599609375,0.38336181640625,0.3857421875
1980,0.50030517578125,0.2384033203125,0.26129150390625
1981,0.0833740234375,0.63104248046875,0.28558349609375
1982,0.50164794921875,0.31817626953125,0.18017578125
1983,0.39471435546875,0.35479736328125,0.25048828125
1984,0.17474365234375,0.31890869140625,0.50634765625
1985,0.23809814453125,0.31890869140625,0.4429931640625
1986,0.08526611328125,0.5487060546875,0.36602783203125
1987,0.6019287109375,0.246337890625,0.1517333984375
1988,0.45562744140625,0.297119140625,0.24725341796875
1989,0.5115966796875,0.22991943359375,0.25848388671875
1990,0.35174560546875,0.3048095703125,0.34344482421875
1991,0.24652099609375,0.396728515625,0.35675048828125
1992,0.19952392578125,0.3984375,0.40203857421875
1993,0.50048828125,0.42169189453125,0.07781982421875
1994,0.304931640625,0.45684814453125,0.23822021484375
1995,0.35076904296875,0.2015380859375,0.44769287109375
1996,0.35467529296875,0.2388916015625,0.40643310546875
1997,0.365234375,0.3870849609375,0.2476806640625
1998,0.32373046875,0.4769287109375,0.1993408203125
1999,0.51800537109375,0.25445556640625,0.2275390625
2000,0.35589599609375,0.39276123046875,0.2513427734375
2001,0.4393310546875,0.32440185546875,0.23626708984375
2002,0.3262939453125,0.54840087890625,0.12530517578125
2003,0.316162109375,0.5015869140625,0.1822509765625
2004,0.20794677734375,0.627685546875,0.16436767578125
2005,0.35052490234375,0.1807861328125,0.46868896484375
2006,0.21807861328125,0.3907470703125,0.39117431640625
2007,0.2073974609375,0.3775634765625,0.4150390625
2008,0.225341796875,0.47088623046875,0.30377197265625
2009,0.251953125,0.333984375,0.4140625
2010,0.269287109375,0.4315185546875,0.2991943359375
2011,0.42724609375,0.30682373046875,0.26593017578125
2012,0.30621337890625,0.3531494140625,0.34063720703125
2013,0.41510009765625,0.396240234375,0.18865966796875
2014,0.37640380859375,0.46563720703125,0.157958984375
2015,0.3675537109375,0.51629638671875,0.11614990234375
2016,0.52734375,0.281494140625,0.191162109375
2017,0.43426513671875,0.3258056640625,0.23992919921875
2018,0.41748046875,0.36212158203125,0.22039794921875
2019,0.3565673828125,0.3839111328125,0.259521484375
2020,0.4322509765625,0.3338623046875,0.23388671875
2021,0.29949951171875,0.1954345703125,0.50506591796875
2022,0.377197265625,0.4149169921875,0.2078857421875
2023,0.17034912109375,0.34002685546875,0.4896240234375
2024,0.3154296875,0.642578125,0.0419921875
2025,0.3450927734375,0.26995849609375,0.38494873046875
2026,0.240234375,0.35015869140625,0.40960693359375
2027,0.261962890625,0.61981201171875,0.11822509765625
2028,0.35400390625,0.3829345703125,0.2630615234375
2029,0.42327880859375,0.337646484375,0.23907470703125
2030,0.42633056640625,0.282958984375,0.29071044921875
2031,0.23626708984375,0.434814453125,0.32891845703125
2032,0.34698486328125,0.54241943359375,0.110595703125
2033,0.27655029296875,0.48944091796875,0.2340087890625
2034,0.2528076171875,0.54888916015625,0.19830322265625
2035,0.23724365234375,0.40277099609375,0.3599853515625
2036,0.218017578125,0.25689697265625,0.52508544921875
2037,0.15020751953125,0.30145263671875,0.54833984375
2038,0.3905029296875,0.43426513671875,0.17523193359375
2039,0.34246826171875,0.364013671875,0.29351806640625
2040,0.33990478515625,0.3404541015625,0.31964111328125
2041,0.3743896484375,0.2994384765625,0.326171875
2042,0.1690673828125,0.4869384765625,0.343994140625
2043,0.3302001953125,0.49176025390625,0.17803955078125
2044,0.4720458984375,0.3349609375,0.1929931640625
2045,0.49761962890625,0.26397705078125,0.2384033203125
2046,0.30487060546875,0.35577392578125,0.33935546875
2047,0.458740234375,0.2994384765625,0.2418212890625
2048,0.47088623046875,0.28118896484375,0.2479248046875
2049,0.41534423828125,0.4088134765625,0.17584228515625
2050,0.474609375,0.2830810546875,0.2423095703125
2051,0.3592529296875,0.3309326171875,0.309814453125
2052,0.27947998046875,0.428466796875,0.29205322265625
2053,0.363525390625,0.370849609375,0.265625
2054,0.29632568359375,0.17205810546875,0.5316162109375
2055,0.18212890625,0.38543701171875,0.43243408203125
2056,0.10711669921875,0.4981689453125,0.39471435546875
2057,0.2489013671875,0.40869140625,0.3424072265625
2058,0.26513671875,0.4029541015625,0.3319091796875
2059,0.39910888671875,0.3084716796875,0.29241943359375
2060,0.28582763671875,0.445068359375,0.26910400390625
2061,0.46331787109375,0.335693359375,0.20098876953125
2062,0.2889404296875,0.2562255859375,0.454833984375
2063,0.28900146484375,0.5078125,0.20318603515625
2064,0.30877685546875,0.46435546875,0.22686767578125
2065,0.2266845703125,0.50311279296875,0.27020263671875
2066,0.17962646484375,0.39385986328125,0.426513671875
2067,0.025146484375,0.457763671875,0.51708984375
2068,0.32122802734375,0.32037353515625,0.3583984375
2069,0.06390380859375,0.38763427734375,0.5484619140625
2070,0.36016845703125,0.1419677734375,0.49786376953125
2071,0.245361328125,0.27838134765625,0.47625732421875
2072,0.34613037109375,0.56988525390625,0.083984375
2073,0.6207275390625,0.22796630859375,0.15130615234375
2074,0.53399658203125,0.2362060546875,0.22979736328125
2075,0.40673828125,0.28900146484375,0.30426025390625
2076,0.2169189453125,0.29205322265625,0.49102783203125
2077,0.1280517578125,0.25750732421875,0.61444091796875
2078,0.292724609375,0.49359130859375,0.21368408203125
2079,0.09503173828125,0.6497802734375,0.25518798828125
2080,0.34405517578125,0.44921875,0.20672607421875
2081,0.431396484375,0.31378173828125,0.25482177734375
2082,0.60601806640625,0.27734375,0.11663818359375
2083,0.35009765625,0.349853515625,0.300048828125
2084,0.56707763671875,0.268310546875,0.16461181640625
2085,0.412109375,0.3387451171875,0.2491455078125
2086,0.4395751953125,0.320556640625,0.2398681640625
2087,0.5118408203125,0.3310546875,0.1571044921875
2088,0.1732177734375,0.32391357421875,0.50286865234375
2089,0.17926025390625,0.5177001953125,0.30303955078125
2090,0.18218994140625,0.25286865234375,0.56494140625
2091,0.3685302734375,0.34600830078125,0.28546142578125
2092,0.0909423828125,0.54241943359375,0.36663818359375
2093,0.1099853515625,0.40167236328125,0.48834228515625
2094,0.47491455078125,0.23773193359375,0.287353515625
2095,0.19415283203125,0.63397216796875,0.171875
2096,0.254150390625,0.3743896484375,0.3714599609375
2097,0.4368896484375,0.36798095703125,0.19512939453125
2098,0.144775390625,0.51214599609375,0.34307861328125
2099,0.39178466796875,0.3985595703125,0.20965576171875
2100,0.1171875,0.59393310546875,0.28887939453125
2101,0.08685302734375,0.68475341796875,0.2283935546875
2102,0.069091796875,0.7059326171875,0.2249755859375
2103,0.5382080078125,0.33514404296875,0.12664794921875
2104,0.2994384765625,0.26055908203125,0.44000244140625
2105,0.09228515625,0.4825439453125,0.4251708984375
2106,0.56201171875,0.37506103515625,0.06292724609375
2107,0.4346923828125,0.4630126953125,0.102294921875
2108,0.39495849609375,0.49932861328125,0.105712890625
2109,0.3568115234375,0.51434326171875,0.12884521484375
2110,0.30657958984375,0.5120849609375,0.18133544921875
2111,0.349853515625,0.365478515625,0.28466796875
2112,0.57904052734375,0.26666259765625,0.154296875
2113,0.303466796875,0.41015625,0.286376953125
2114,0.35003662109375,0.4697265625,0.18023681640625
2115,0.41595458984375,0.35833740234375,0.2257080078125
2116,0.2073974609375,0.52508544921875,0.26751708984375
2117,0.12451171875,0.6102294921875,0.2652587890625
2118,0.63214111328125,0.18804931640625,0.1798095703125
2119,0.62542724609375,0.223876953125,0.15069580078125
2120,0.68603515625,0.19378662109375,0.12017822265625
2121,0.2352294921875,0.481689453125,0.2830810546875
2122,0.04205322265625,0.5850830078125,0.37286376953125
2123,0.23602294921875,0.3218994140625,0.44207763671875
2124,0.12725830078125,0.54840087890625,0.3243408203125
2125,0.314208984375,0.4195556640625,0.2662353515625
2126,0.40313720703125,0.37567138671875,0.22119140625
2127,0.42108154296875,0.4444580078125,0.13446044921875
2128,0.31787109375,0.3837890625,0.29833984375
2129,0.39764404296875,0.33148193359375,0.2708740234375
2130,0.400634765625,0.4080810546875,0.1912841796875
2131,0.31585693359375,0.39739990234375,0.2867431640625
2132,0.3497314453125,0.35736083984375,0.29290771484375
2133,0.34112548828125,0.38409423828125,0.2747802734375
2134,0.23779296875,0.4755859375,0.28662109375
2135,0.0440673828125,0.53875732421875,0.41717529296875
2136,0.39404296875,0.44293212890625,0.16302490234375
2138,0.508056640625,0.2879638671875,0.2039794921875
2139,0.35101318359375,0.403076171875,0.24591064453125
2140,0.15496826171875,0.62615966796875,0.2188720703125
2141,0.43023681640625,0.2979736328125,0.27178955078125
2142,0.385009765625,0.335693359375,0.279296875
2143,0.4852294921875,0.27252197265625,0.24224853515625
2144,0.2437744140625,0.40667724609375,0.34954833984375
2145,0.609130859375,0.33343505859375,0.05743408203125
2146,0.419189453125,0.20758056640625,0.37322998046875
2147,0.33099365234375,0.23162841796875,0.4373779296875
2148,0.4063720703125,0.4747314453125,0.118896484375
2149,0.3095703125,0.509521484375,0.180908203125
2150,0.16741943359375,0.5201416015625,0.31243896484375
2151,0.18695068359375,0.37060546875,0.44244384765625
2152,0.131103515625,0.6151123046875,0.2537841796875
2153,0.4979248046875,0.30670166015625,0.19537353515625
2154,0.54345703125,0.313232421875,0.143310546875
2155,0.37591552734375,0.41986083984375,0.2042236328125
2156,0.12890625,0.4775390625,0.3935546875
2157,0.55523681640625,0.3341064453125,0.11065673828125
2158,0.4244384765625,0.32342529296875,0.25213623046875
2159,0.53192138671875,0.25604248046875,0.2120361328125
2161,0.74615478515625,0.18780517578125,0.0660400390625
2162,0.08758544921875,0.382080078125,0.53033447265625
2163,0.3433837890625,0.302734375,0.3538818359375
2164,0.48199462890625,0.06219482421875,0.455810546875
2165,0.130859375,0.3770751953125,0.4920654296875
2166,0.3648681640625,0.06439208984375,0.57073974609375
2167,0.05877685546875,0.50762939453125,0.43359375
2168,0.3524169921875,0.40472412109375,0.24285888671875
2169,0.2989501953125,0.35992431640625,0.34112548828125
2170,0.29644775390625,0.3087158203125,0.39483642578125
2171,0.40106201171875,0.34063720703125,0.25830078125
2172,0.28369140625,0.5211181640625,0.1951904296875
2173,0.52044677734375,0.28875732421875,0.1907958984375
2174,0.40478515625,0.368408203125,0.226806640625
2175,0.33709716796875,0.408203125,0.25469970703125
2176,0.3665771484375,0.47589111328125,0.15753173828125
2177,0.2877197265625,0.49346923828125,0.21881103515625
2178,0.53021240234375,0.44561767578125,0.024169921875
2179,0.47308349609375,0.2642822265625,0.26263427734375
2180,0.32513427734375,0.44873046875,0.22613525390625
2181,0.54486083984375,0.2613525390625,0.19378662109375
2182,0.4814453125,0.27398681640625,0.24456787109375
2183,0.55096435546875,0.15460205078125,0.29443359375
2184,0.35382080078125,0.37835693359375,0.267822265625
2185,0.2601318359375,0.4580078125,0.2818603515625
2186,0.25238037109375,0.36407470703125,0.383544921875
2187,0.21563720703125,0.36151123046875,0.4228515625
2188,0.2469482421875,0.37445068359375,0.37860107421875
2189,0.13360595703125,0.4376220703125,0.42877197265625
2190,0.26971435546875,0.32464599609375,0.4056396484375
2191,0.2379150390625,0.33154296875,0.4305419921875
2192,0.1607666015625,0.34393310546875,0.49530029296875
2193,0.224365234375,0.34375,0.431884765625
2194,0.33416748046875,0.32684326171875,0.3389892578125
2195,0.11138916015625,0.47882080078125,0.4097900390625
2196,0.11383056640625,0.39288330078125,0.4932861328125
2197,0.0643310546875,0.380615234375,0.5550537109375
2198,0.293212890625,0.36181640625,0.344970703125
2199,0.2413330078125,0.2918701171875,0.466796875
2200,0.3187255859375,0.32147216796875,0.35980224609375
2201,0.27789306640625,0.40228271484375,0.31982421875
2202,0.17236328125,0.44940185546875,0.37823486328125
2203,0.34326171875,0.44512939453125,0.21160888671875
2204,0.3768310546875,0.45147705078125,0.17169189453125
2205,0.339111328125,0.5228271484375,0.1380615234375
2206,0.3052978515625,0.379638671875,0.3150634765625
2207,0.28350830078125,0.30108642578125,0.4154052734375
2208,0.28302001953125,0.2340087890625,0.48297119140625
2209,0.3145751953125,0.40185546875,0.2835693359375
2210,0.44036865234375,0.32318115234375,0.2364501953125
2211,0.3897705078125,0.36932373046875,0.24090576171875
2212,0.33319091796875,0.419921875,0.24688720703125
2213,0.239501953125,0.501220703125,0.25927734375
2214,0.341796875,0.26165771484375,0.39654541015625
2215,0.33428955078125,0.289306640625,0.37640380859375
2216,0.261474609375,0.2998046875,0.438720703125
2217,0.1510009765625,0.3466796875,0.5023193359375
2218,0.2420654296875,0.2271728515625,0.53076171875
2219,0.32733154296875,0.318115234375,0.35455322265625
2220,0.27996826171875,0.390625,0.32940673828125
2221,0.1939697265625,0.50628662109375,0.29974365234375
2222,0.44598388671875,0.36993408203125,0.18408203125
2223,0.15411376953125,0.5224609375,0.32342529296875
2224,0.45452880859375,0.38018798828125,0.165283203125
2225,0.20672607421875,0.36029052734375,0.4329833984375
2226,0.09014892578125,0.466796875,0.44305419921875
2227,0.16131591796875,0.28839111328125,0.55029296875
2228,0.2254638671875,0.3935546875,0.3809814453125
2229,0.04632568359375,0.54833984375,0.40533447265625
2230,0.23760986328125,0.5286865234375,0.23370361328125
2231,0.35455322265625,0.621337890625,0.02410888671875
2232,0.24884033203125,0.40106201171875,0.35009765625
2233,0.181396484375,0.44036865234375,0.37823486328125
2234,0.43951416015625,0.30474853515625,0.2557373046875
2235,0.02606201171875,0.4522705078125,0.52166748046875
2236,0.2064208984375,0.48516845703125,0.30841064453125
2237,0.3099365234375,0.45001220703125,0.24005126953125
2238,0.2271728515625,0.34881591796875,0.42401123046875
2239,0.36712646484375,0.3487548828125,0.28411865234375
2240,0.35382080078125,0.31622314453125,0.3299560546875
2241,0.42645263671875,0.43829345703125,0.13525390625
2242,0.38616943359375,0.34039306640625,0.2734375
2243,0.61602783203125,0.2022705078125,0.18170166015625
2244,0.63861083984375,0.18817138671875,0.1732177734375
2245,0.58294677734375,0.18194580078125,0.235107421875
2246,0.569580078125,0.206298828125,0.22412109375
2247,0.47357177734375,0.25103759765625,0.275390625
2248,0.460693359375,0.266357421875,0.27294921875
2249,0.45147705078125,0.24676513671875,0.3017578125
2250,0.6390380859375,0.28802490234375,0.07293701171875
2251,0.61444091796875,0.292724609375,0.09283447265625
2252,0.614501953125,0.2808837890625,0.1046142578125
2253,0.30615234375,0.22344970703125,0.47039794921875
2254,0.30450439453125,0.01348876953125,0.6820068359375
2255,0.1243896484375,0.447998046875,0.4276123046875
2256,0.44989013671875,0.42291259765625,0.127197265625
2257,0.38677978515625,0.398681640625,0.21453857421875
2258,0.572998046875,0.31805419921875,0.10894775390625
2259,0.326904296875,0.37872314453125,0.29437255859375
2260,0.31939697265625,0.4608154296875,0.21978759765625
2261,0.66314697265625,0.280029296875,0.05682373046875
2262,0.41400146484375,0.35980224609375,0.2261962890625
2263,0.35308837890625,0.47265625,0.17425537109375
2264,0.21185302734375,0.4798583984375,0.30828857421875
2265,0.2811279296875,0.019287109375,0.6995849609375
2266,0.37835693359375,0.29852294921875,0.3231201171875
2267,0.35211181640625,0.34747314453125,0.3004150390625
2268,0.22698974609375,0.34307861328125,0.429931640625
2269,0.2095947265625,0.552001953125,0.2384033203125
2270,0.09912109375,0.3729248046875,0.5279541015625
2271,0.478759765625,0.36083984375,0.160400390625
2272,0.46270751953125,0.36370849609375,0.173583984375
2273,0.4024658203125,0.5611572265625,0.036376953125
2274,0.541748046875,0.26904296875,0.189208984375
2275,0.44140625,0.4296875,0.12890625
2276,0.39093017578125,0.51263427734375,0.096435546875
2277,0.1690673828125,0.45330810546875,0.37762451171875
2278,0.56781005859375,0.0877685546875,0.34442138671875
2279,0.04473876953125,0.536376953125,0.41888427734375
2280,0.37921142578125,0.52777099609375,0.093017578125
2281,0.2518310546875,0.3826904296875,0.365478515625
2282,0.216064453125,0.435302734375,0.3486328125
2283,0.50384521484375,0.2266845703125,0.26947021484375
2284,0.46923828125,0.2247314453125,0.3060302734375
2285,0.25225830078125,0.3292236328125,0.41851806640625
2286,0.27569580078125,0.4210205078125,0.30328369140625
2287,0.22198486328125,0.34454345703125,0.4334716796875
2288,0.1568603515625,0.33380126953125,0.50933837890625
2289,0.17376708984375,0.3345947265625,0.49163818359375
2290,0.4552001953125,0.325927734375,0.2188720703125
2291,0.5162353515625,0.3326416015625,0.151123046875
2292,0.34539794921875,0.351318359375,0.30328369140625
2293,0.2655029296875,0.52728271484375,0.20721435546875
2294,0.37420654296875,0.3956298828125,0.23016357421875
2295,0.29132080078125,0.41107177734375,0.297607421875
2296,0.2261962890625,0.3814697265625,0.392333984375
2297,0.1494140625,0.41998291015625,0.43060302734375
2298,0.0687255859375,0.5635986328125,0.36767578125
2299,0.13427734375,0.50067138671875,0.36505126953125
2300,0.67352294921875,0.29107666015625,0.035400390625
2301,0.49249267578125,0.3944091796875,0.11309814453125
2302,0.26312255859375,0.23883056640625,0.498046875
2303,0.1900634765625,0.30072021484375,0.50921630859375
2304,0.50762939453125,0.2044677734375,0.28790283203125
2305,0.587890625,0.39959716796875,0.01251220703125
2306,0.204345703125,0.42864990234375,0.36700439453125
2307,0.60430908203125,0.30096435546875,0.0947265625
2308,0.63385009765625,0.24920654296875,0.116943359375
2309,0.2337646484375,0.482177734375,0.2840576171875
2310,0.4229736328125,0.46417236328125,0.11285400390625
2311,0.41546630859375,0.42877197265625,0.15576171875
2312,0.391845703125,0.29498291015625,0.31317138671875
2313,0.453857421875,0.51470947265625,0.03143310546875
2314,0.4212646484375,0.51885986328125,0.05987548828125
2315,0.404052734375,0.47613525390625,0.11981201171875
2316,0.5047607421875,0.300537109375,0.1947021484375
2317,0.2423095703125,0.40789794921875,0.34979248046875
2318,0.20379638671875,0.41796875,0.37823486328125
2319,0.4512939453125,0.32611083984375,0.22259521484375
2320,0.43475341796875,0.375732421875,0.18951416015625
2321,0.19232177734375,0.2440185546875,0.56365966796875
2322,0.35479736328125,0.47906494140625,0.1661376953125
2323,0.36956787109375,0.4395751953125,0.19085693359375
2324,0.24969482421875,0.41961669921875,0.3306884765625
2326,0.2567138671875,0.50006103515625,0.24322509765625
2327,0.36859130859375,0.44085693359375,0.1905517578125
2328,0.25347900390625,0.44207763671875,0.304443359375
2329,0.31292724609375,0.391845703125,0.29522705078125
2330,0.34027099609375,0.48944091796875,0.1702880859375
2331,0.22271728515625,0.35467529296875,0.422607421875
2332,0.38092041015625,0.34173583984375,0.27734375
2333,0.29998779296875,0.37481689453125,0.3251953125
2334,0.1767578125,0.554931640625,0.268310546875
2335,0.3277587890625,0.4420166015625,0.230224609375
2336,0.33514404296875,0.49114990234375,0.1737060546875
2337,0.28369140625,0.25994873046875,0.45635986328125
2338,0.44647216796875,0.33319091796875,0.2203369140625
2339,0.130126953125,0.4493408203125,0.4205322265625
2340,0.23931884765625,0.3990478515625,0.36163330078125
2341,0.1605224609375,0.48089599609375,0.35858154296875
2342,0.12725830078125,0.474365234375,0.39837646484375
2343,0.59478759765625,0.27740478515625,0.1278076171875
2344,0.1519775390625,0.228271484375,0.6197509765625
2345,0.1595458984375,0.52740478515625,0.31304931640625
2346,0.17950439453125,0.3974609375,0.42303466796875
2347,0.19329833984375,0.67108154296875,0.1356201171875
2348,0.2137451171875,0.50445556640625,0.28179931640625
2349,0.1229248046875,0.5933837890625,0.28369140625
2350,0.19012451171875,0.54693603515625,0.262939453125
2351,0.27764892578125,0.46240234375,0.25994873046875
2352,0.2708740234375,0.58001708984375,0.14910888671875
2353,0.17822265625,0.4498291015625,0.3719482421875
2354,0.252197265625,0.29620361328125,0.45159912109375
2355,0.5361328125,0.2816162109375,0.1822509765625
2356,0.085205078125,0.46978759765625,0.44500732421875
2357,0.12139892578125,0.32537841796875,0.55322265625
2358,0.3963623046875,0.271728515625,0.3319091796875
2359,0.05267333984375,0.625,0.32232666015625
2360,0.03753662109375,0.1492919921875,0.81317138671875
2361,0.24627685546875,0.402099609375,0.35162353515625
2362,0.4549560546875,0.32305908203125,0.22198486328125
2363,0.24066162109375,0.30029296875,0.45904541015625
2364,0.36895751953125,0.3336181640625,0.29742431640625
2365,0.4263916015625,0.2431640625,0.3304443359375
2366,0.27423095703125,0.449462890625,0.27630615234375
2367,0.47698974609375,0.3035888671875,0.21942138671875
2368,0.25128173828125,0.564697265625,0.18402099609375
2369,0.43499755859375,0.37237548828125,0.192626953125
2370,0.44244384765625,0.31768798828125,0.2398681640625
2371,0.2135009765625,0.57965087890625,0.20684814453125
2372,0.4825439453125,0.372314453125,0.1451416015625
2373,0.4117431640625,0.42559814453125,0.16265869140625
2374,0.36932373046875,0.48046875,0.15020751953125
2375,0.630126953125,0.34906005859375,0.02081298828125
2376,0.6990966796875,0.20037841796875,0.10052490234375
2377,0.6104736328125,0.2855224609375,0.10400390625
2378,0.42242431640625,0.21978759765625,0.3577880859375
2379,0.2034912109375,0.40631103515625,0.39019775390625
2380,0.27264404296875,0.52081298828125,0.20654296875
2381,0.3968505859375,0.220947265625,0.3822021484375
2382,0.5150146484375,0.32818603515625,0.15679931640625
2383,0.2315673828125,0.40435791015625,0.36407470703125
2384,0.4437255859375,0.234619140625,0.3216552734375
2385,0.3135986328125,0.24871826171875,0.43768310546875
2386,0.27978515625,0.2769775390625,0.4432373046875
2387,0.38018798828125,0.31182861328125,0.3079833984375
2388,0.23968505859375,0.498779296875,0.26153564453125
2389,0.36981201171875,0.36639404296875,0.2637939453125
2390,0.33197021484375,0.4193115234375,0.24871826171875
2391,0.28485107421875,0.494140625,0.22100830078125
2392,0.217529296875,0.62042236328125,0.16204833984375
2393,0.28521728515625,0.22235107421875,0.492431640625
2394,0.18292236328125,0.77911376953125,0.0379638671875
2395,0.27294921875,0.3955078125,0.33154296875
2396,0.15643310546875,0.4847412109375,0.35882568359375
2397,0.25921630859375,0.37921142578125,0.361572265625
2398,0.17816162109375,0.47247314453125,0.349365234375
2399,0.15802001953125,0.4610595703125,0.38092041015625
2400,0.42401123046875,0.42889404296875,0.1470947265625
2401,0.35552978515625,0.3685302734375,0.27593994140625
2402,0.45587158203125,0.32855224609375,0.215576171875
2403,0.34063720703125,0.36669921875,0.29266357421875
2404,0.23199462890625,0.36883544921875,0.399169921875
2405,0.07025146484375,0.560302734375,0.36944580078125
2406,0.22991943359375,0.48828125,0.28179931640625
2407,0.17657470703125,0.3575439453125,0.46588134765625
2408,0.17919921875,0.38433837890625,0.43646240234375
2409,0.30633544921875,0.3802490234375,0.31341552734375
2410,0.139892578125,0.44171142578125,0.41839599609375
2411,0.14227294921875,0.43951416015625,0.418212890625
2412,0.54437255859375,0.36712646484375,0.0885009765625
2413,0.42327880859375,0.3504638671875,0.22625732421875
2414,0.44403076171875,0.28509521484375,0.2708740234375
2415,0.28509521484375,0.409423828125,0.30548095703125
2416,0.4071044921875,0.37420654296875,0.21868896484375
2417,0.4608154296875,0.3411865234375,0.197998046875
2418,0.46453857421875,0.448974609375,0.08648681640625
2419,0.2698974609375,0.45513916015625,0.27496337890625
2420,0.47637939453125,0.27728271484375,0.246337890625
2421,0.31591796875,0.49676513671875,0.18731689453125
2422,0.130615234375,0.8345947265625,0.0347900390625
2423,0.38958740234375,0.326416015625,0.28399658203125
2424,0.42047119140625,0.29864501953125,0.2808837890625
2425,0.6185302734375,0.29278564453125,0.08868408203125
2426,0.36956787109375,0.5252685546875,0.10516357421875
2427,0.566650390625,0.30902099609375,0.12432861328125
2428,0.45391845703125,0.42413330078125,0.1219482421875
2429,0.31341552734375,0.51422119140625,0.17236328125
2430,0.2646484375,0.45892333984375,0.27642822265625
2431,0.46002197265625,0.139404296875,0.40057373046875
2432,0.44024658203125,0.28436279296875,0.275390625
2433,0.48480224609375,0.26025390625,0.25494384765625
2434,0.30450439453125,0.40478515625,0.29071044921875
2435,0.37432861328125,0.38507080078125,0.2406005859375
2436,0.53521728515625,0.4207763671875,0.04400634765625
2437,0.36163330078125,0.24462890625,0.39373779296875
2438,0.4537353515625,0.46453857421875,0.08172607421875
2439,0.30181884765625,0.4810791015625,0.21710205078125
2440,0.49676513671875,0.264892578125,0.23834228515625
2441,0.68402099609375,0.2786865234375,0.03729248046875
2442,0.52392578125,0.36810302734375,0.10797119140625
2443,0.70062255859375,0.22564697265625,0.07373046875
2444,0.4378662109375,0.39825439453125,0.16387939453125
2445,0.06195068359375,0.52935791015625,0.40869140625
2446,0.15594482421875,0.458740234375,0.38531494140625
2447,0.2835693359375,0.38812255859375,0.32830810546875
2448,0.3685302734375,0.38134765625,0.2501220703125
2449,0.47998046875,0.5081787109375,0.0118408203125
2450,0.35882568359375,0.45062255859375,0.1905517578125
2451,0.241943359375,0.54681396484375,0.21124267578125
2452,0.30450439453125,0.426513671875,0.26898193359375
2453,0.28094482421875,0.31890869140625,0.400146484375
2454,0.4935302734375,0.3297119140625,0.1767578125
2455,0.337890625,0.33331298828125,0.32879638671875
2456,0.54473876953125,0.310791015625,0.14447021484375
2457,0.3717041015625,0.34820556640625,0.28009033203125
2458,0.3134765625,0.5560302734375,0.1304931640625
2459,0.44158935546875,0.5068359375,0.05157470703125
2460,0.52508544921875,0.23480224609375,0.2401123046875
2461,0.5286865234375,0.22412109375,0.2471923828125
2462,0.36395263671875,0.36151123046875,0.2745361328125
2463,0.334228515625,0.5706787109375,0.0950927734375
2464,0.4830322265625,0.09320068359375,0.42376708984375
2465,0.47259521484375,0.36444091796875,0.1629638671875
2466,0.36968994140625,0.1898193359375,0.44049072265625
2467,0.42352294921875,0.22503662109375,0.3514404296875
2468,0.2802734375,0.36749267578125,0.35223388671875
2469,0.308349609375,0.3740234375,0.317626953125
2470,0.34429931640625,0.26611328125,0.38958740234375
2471,0.17584228515625,0.303466796875,0.52069091796875
2472,0.38592529296875,0.289306640625,0.32476806640625
2473,0.414306640625,0.4473876953125,0.1383056640625
2474,0.28753662109375,0.35943603515625,0.35302734375
2475,0.22369384765625,0.3326416015625,0.44366455078125
2476,0.14227294921875,0.34234619140625,0.515380859375
2477,0.545166015625,0.2027587890625,0.2520751953125
2478,0.2694091796875,0.4332275390625,0.29736328125
2479,0.39569091796875,0.5736083984375,0.03070068359375
2480,0.37176513671875,0.54241943359375,0.0858154296875
2481,0.198486328125,0.36822509765625,0.43328857421875
2482,0.2916259765625,0.3145751953125,0.393798828125
2483,0.5032958984375,0.20428466796875,0.29241943359375
2484,0.5718994140625,0.29913330078125,0.12896728515625
2485,0.413330078125,0.19696044921875,0.38970947265625
2486,0.426025390625,0.4949951171875,0.0789794921875
2487,0.4407958984375,0.45281982421875,0.10638427734375
2488,0.57427978515625,0.306396484375,0.11932373046875
2489,0.359375,0.45556640625,0.18505859375
2490,0.26800537109375,0.49163818359375,0.2403564453125
2491,0.22271728515625,0.57525634765625,0.2020263671875
2492,0.21148681640625,0.44537353515625,0.3431396484375
2493,0.23626708984375,0.3780517578125,0.38568115234375
2494,0.0479736328125,0.589599609375,0.3624267578125
2495,0.2337646484375,0.46875,0.2974853515625
2496,0.41192626953125,0.5623779296875,0.02569580078125
2497,0.36309814453125,0.45916748046875,0.177734375
2498,0.36016845703125,0.4453125,0.19451904296875
2499,0.5584716796875,0.2069091796875,0.234619140625
2500,0.26959228515625,0.4183349609375,0.31207275390625
2501,0.279541015625,0.37042236328125,0.35003662109375
2502,0.49310302734375,0.436767578125,0.07012939453125
2503,0.4639892578125,0.3187255859375,0.21728515625
2504,0.2388916015625,0.38018798828125,0.38092041015625
2505,0.24688720703125,0.1549072265625,0.59820556640625
2506,0.205322265625,0.306640625,0.488037109375
2507,0.154296875,0.55450439453125,0.29119873046875
2508,0.22882080078125,0.37835693359375,0.392822265625
2509,0.4559326171875,0.24359130859375,0.30047607421875
2510,0.4915771484375,0.21038818359375,0.29803466796875
2511,0.453857421875,0.2093505859375,0.3367919921875
2512,0.45843505859375,0.17425537109375,0.3673095703125
2513,0.3333740234375,0.42193603515625,0.24468994140625
2514,0.2454833984375,0.5037841796875,0.250732421875
2515,0.38818359375,0.35809326171875,0.25372314453125
2516,0.1959228515625,0.460205078125,0.3438720703125
2517,0.4503173828125,0.35174560546875,0.19793701171875
2518,0.3760986328125,0.35504150390625,0.26885986328125
2519,0.4888916015625,0.3521728515625,0.158935546875
2520,0.3123779296875,0.40716552734375,0.28045654296875
2521,0.46600341796875,0.31243896484375,0.2215576171875
2522,0.28619384765625,0.3111572265625,0.40264892578125
2523,0.1807861328125,0.27935791015625,0.53985595703125
2524,0.51031494140625,0.39447021484375,0.09521484375
2525,0.462158203125,0.4019775390625,0.1358642578125
2526,0.36444091796875,0.3642578125,0.27130126953125
2527,0.42718505859375,0.31109619140625,0.26171875
2528,0.2794189453125,0.46392822265625,0.25665283203125
2529,0.35321044921875,0.35540771484375,0.2913818359375
2530,0.1673583984375,0.44573974609375,0.38690185546875
2531,0.30535888671875,0.3349609375,0.35968017578125
2532,0.49871826171875,0.16497802734375,0.3363037109375
2533,0.48272705078125,0.477294921875,0.03997802734375
2534,0.27044677734375,0.3856201171875,0.34393310546875
2535,0.4041748046875,0.2952880859375,0.300537109375
2536,0.4757080078125,0.23272705078125,0.29156494140625
2537,0.32989501953125,0.582275390625,0.08782958984375
2538,0.2760009765625,0.55426025390625,0.16973876953125
2539,0.14892578125,0.5186767578125,0.3323974609375
2540,0.4517822265625,0.337646484375,0.2105712890625
2541,0.3321533203125,0.3193359375,0.3485107421875
2542,0.3477783203125,0.365234375,0.2869873046875
2543,0.273193359375,0.40948486328125,0.31732177734375
2544,0.23675537109375,0.3902587890625,0.37298583984375
2545,0.4290771484375,0.315185546875,0.2557373046875
2546,0.21832275390625,0.53106689453125,0.2506103515625
2547,0.423828125,0.37762451171875,0.19854736328125
2548,0.34136962890625,0.44232177734375,0.21630859375
2549,0.2786865234375,0.56146240234375,0.15985107421875
2550,0.6048583984375,0.27593994140625,0.11920166015625
2551,0.4312744140625,0.35205078125,0.2166748046875
2552,0.39892578125,0.4600830078125,0.1409912109375
2553,0.377685546875,0.45794677734375,0.16436767578125
2554,0.2774658203125,0.4580078125,0.2645263671875
2555,0.34906005859375,0.35205078125,0.29888916015625
2556,0.444091796875,0.23553466796875,0.32037353515625
2557,0.55609130859375,0.2724609375,0.17144775390625
2558,0.39556884765625,0.46502685546875,0.139404296875
2559,0.4862060546875,0.306396484375,0.2073974609375
2560,0.49896240234375,0.24371337890625,0.25732421875
2561,0.240234375,0.43255615234375,0.32720947265625
2562,0.41180419921875,0.3831787109375,0.20501708984375
2563,0.24713134765625,0.447509765625,0.30535888671875
2564,0.233154296875,0.34027099609375,0.42657470703125
2565,0.43475341796875,0.28778076171875,0.2774658203125
2566,0.45648193359375,0.4288330078125,0.11468505859375
2567,0.27191162109375,0.7147216796875,0.01336669921875
2568,0.243408203125,0.69329833984375,0.06329345703125
2569,0.25079345703125,0.5042724609375,0.24493408203125
2570,0.3272705078125,0.36187744140625,0.31085205078125
2571,0.35015869140625,0.389892578125,0.25994873046875
2572,0.42242431640625,0.323486328125,0.25408935546875
2573,0.390625,0.404052734375,0.205322265625
2574,0.4246826171875,0.38665771484375,0.18865966796875
2575,0.22174072265625,0.43914794921875,0.339111328125
2576,0.27752685546875,0.5386962890625,0.18377685546875
2577,0.54388427734375,0.3106689453125,0.14544677734375
2578,0.4456787109375,0.38836669921875,0.16595458984375
2579,0.158935546875,0.669677734375,0.17138671875
2580,0.3555908203125,0.4676513671875,0.1767578125
2581,0.35296630859375,0.45379638671875,0.1932373046875
2582,0.153564453125,0.3851318359375,0.4613037109375
2583,0.3577880859375,0.3270263671875,0.315185546875
2584,0.30816650390625,0.346435546875,0.34539794921875
2585,0.338134765625,0.2906494140625,0.3712158203125
2586,0.31256103515625,0.5811767578125,0.10626220703125
2587,0.3099365234375,0.60015869140625,0.08990478515625
2588,0.3140869140625,0.44476318359375,0.24114990234375
2589,0.4556884765625,0.47674560546875,0.06756591796875
2590,0.126708984375,0.48101806640625,0.39227294921875
2591,0.160400390625,0.4737548828125,0.3658447265625
2592,0.4622802734375,0.30029296875,0.2374267578125
2593,0.56396484375,0.19232177734375,0.24371337890625
2594,0.62969970703125,0.1640625,0.20623779296875
2595,0.31719970703125,0.63250732421875,0.05029296875
2596,0.48455810546875,0.3212890625,0.19415283203125
2597,0.40960693359375,0.38671875,0.20367431640625
2598,0.438720703125,0.26336669921875,0.29791259765625
2599,0.353271484375,0.43060302734375,0.21612548828125
2600,0.40966796875,0.54205322265625,0.04827880859375
2601,0.19940185546875,0.46856689453125,0.33203125
2602,0.20074462890625,0.50750732421875,0.291748046875
2603,0.36004638671875,0.5736083984375,0.06634521484375
2604,0.6737060546875,0.03125,0.2950439453125
2605,0.33343505859375,0.4949951171875,0.17156982421875
2606,0.4322509765625,0.06976318359375,0.49798583984375
2607,0.422119140625,0.1549072265625,0.4229736328125
2608,0.14892578125,0.47625732421875,0.37481689453125
2609,0.351806640625,0.59912109375,0.049072265625
2610,0.29046630859375,0.47271728515625,0.23681640625
2611,0.21099853515625,0.5416259765625,0.24737548828125
2612,0.3753662109375,0.29736328125,0.3272705078125
2613,0.25445556640625,0.49371337890625,0.2518310546875
2614,0.2911376953125,0.417724609375,0.2911376953125
2615,0.35174560546875,0.43988037109375,0.2083740234375
2616,0.34088134765625,0.5516357421875,0.10748291015625
2617,0.3187255859375,0.3616943359375,0.319580078125
2618,0.4749755859375,0.40838623046875,0.11663818359375
2619,0.588623046875,0.3271484375,0.084228515625
2620,0.45361328125,0.40277099609375,0.14361572265625
2621,0.69781494140625,0.185791015625,0.11639404296875
2622,0.18597412109375,0.5328369140625,0.28118896484375
2623,0.30804443359375,0.38165283203125,0.310302734375
2624,0.48992919921875,0.23358154296875,0.2764892578125
2625,0.3250732421875,0.37164306640625,0.30328369140625
2626,0.22442626953125,0.35400390625,0.42156982421875
2627,0.56475830078125,0.33538818359375,0.099853515625
2628,0.36669921875,0.37017822265625,0.26312255859375
2629,0.31982421875,0.647705078125,0.032470703125
2630,0.6767578125,0.2926025390625,0.0306396484375
2631,0.5101318359375,0.3712158203125,0.11865234375
2632,0.31243896484375,0.32061767578125,0.366943359375
2633,0.46466064453125,0.4139404296875,0.12139892578125
2634,0.22625732421875,0.60809326171875,0.1656494140625
2635,0.36114501953125,0.41455078125,0.22430419921875
2636,0.35125732421875,0.48907470703125,0.15966796875
2637,0.3018798828125,0.505615234375,0.1925048828125
2638,0.47552490234375,0.32269287109375,0.2017822265625
2639,0.38787841796875,0.35296630859375,0.2591552734375
2640,0.45159912109375,0.34423828125,0.20416259765625
2641,0.349853515625,0.0782470703125,0.5718994140625
2642,0.4490966796875,0.34442138671875,0.20648193359375
2643,0.45819091796875,0.388671875,0.15313720703125
2644,0.3572998046875,0.3690185546875,0.273681640625
2645,0.43060302734375,0.10333251953125,0.466064453125
2646,0.48748779296875,0.35382080078125,0.15869140625
2647,0.32171630859375,0.55926513671875,0.1190185546875
2648,0.43060302734375,0.33319091796875,0.2362060546875
2649,0.3082275390625,0.5107421875,0.1810302734375
2650,0.46734619140625,0.3719482421875,0.16070556640625
2651,0.12353515625,0.46990966796875,0.40655517578125
2652,0.68017578125,0.28668212890625,0.03314208984375
2653,0.52313232421875,0.3468017578125,0.13006591796875
2654,0.60015869140625,0.32794189453125,0.0718994140625
2655,0.47308349609375,0.27294921875,0.25396728515625
2656,0.59906005859375,0.33453369140625,0.06640625
2657,0.253173828125,0.58612060546875,0.16070556640625
2658,0.0753173828125,0.5302734375,0.3944091796875
2659,0.3095703125,0.50994873046875,0.18048095703125
2660,0.4461669921875,0.34063720703125,0.21319580078125
2661,0.08404541015625,0.57159423828125,0.3443603515625
2662,0.15032958984375,0.50909423828125,0.340576171875
2663,0.3447265625,0.43597412109375,0.21929931640625
2664,0.37738037109375,0.39483642578125,0.227783203125
2665,0.1357421875,0.46612548828125,0.39813232421875
2666,0.137939453125,0.66015625,0.201904296875
2667,0.32659912109375,0.13916015625,0.53424072265625
2668,0.341552734375,0.42822265625,0.230224609375
2669,0.5751953125,0.34759521484375,0.07720947265625
2670,0.09722900390625,0.56842041015625,0.3343505859375
2671,0.3963623046875,0.4130859375,0.1905517578125
2672,0.21087646484375,0.67181396484375,0.1173095703125
2673,0.49249267578125,0.43408203125,0.07342529296875
2674,0.0465087890625,0.57635498046875,0.37713623046875
2675,0.3388671875,0.38519287109375,0.27593994140625
2676,0.60174560546875,0.3829345703125,0.01531982421875
2677,0.29290771484375,0.4429931640625,0.26409912109375
2678,0.2828369140625,0.5655517578125,0.151611328125
2679,0.66839599609375,0.27032470703125,0.061279296875
2680,0.42535400390625,0.34698486328125,0.2276611328125
2681,0.40435791015625,0.4664306640625,0.12921142578125
2682,0.2109375,0.47393798828125,0.31512451171875
2683,0.1258544921875,0.0489501953125,0.8251953125
2684,0.12164306640625,0.52484130859375,0.353515625
2685,0.1790771484375,0.44921875,0.3717041015625
2686,0.3304443359375,0.343017578125,0.3265380859375
2687,0.35223388671875,0.384033203125,0.26373291015625
2688,0.19091796875,0.46624755859375,0.34283447265625
2689,0.53851318359375,0.24993896484375,0.2115478515625
2690,0.180419921875,0.380615234375,0.43896484375
2691,0.6158447265625,0.13934326171875,0.24481201171875
2692,0.35546875,0.34393310546875,0.30059814453125
2693,0.2994384765625,0.29107666015625,0.40948486328125
2694,0.40081787109375,0.2860107421875,0.31317138671875
2695,0.31378173828125,0.445068359375,0.24114990234375
2696,0.29705810546875,0.42431640625,0.27862548828125
2697,0.227783203125,0.34783935546875,0.42437744140625
2698,0.20648193359375,0.37701416015625,0.41650390625
2699,0.189697265625,0.57330322265625,0.23699951171875
2700,0.15576171875,0.4735107421875,0.3707275390625
2701,0.277099609375,0.24761962890625,0.47528076171875
2702,0.25872802734375,0.47662353515625,0.2646484375
2703,0.220703125,0.6920166015625,0.0872802734375
2704,0.0755615234375,0.51446533203125,0.40997314453125
2705,0.34661865234375,0.2911376953125,0.36224365234375
2706,0.19647216796875,0.52667236328125,0.27685546875
2707,0.5126953125,0.2044677734375,0.2828369140625
2708,0.5196533203125,0.367431640625,0.1129150390625
2709,0.20428466796875,0.50958251953125,0.2861328125
2710,0.47161865234375,0.23895263671875,0.2894287109375
2711,0.19390869140625,0.42767333984375,0.37841796875
2712,0.4246826171875,0.2926025390625,0.28271484375
2713,0.341064453125,0.45904541015625,0.19989013671875
2714,0.30865478515625,0.29388427734375,0.3974609375
2715,0.40924072265625,0.38232421875,0.20843505859375
2716,0.1539306640625,0.45233154296875,0.39373779296875
2717,0.447265625,0.0162353515625,0.5364990234375
2718,0.3555908203125,0.4246826171875,0.2197265625
2719,0.04632568359375,0.30340576171875,0.6502685546875
2720,0.2984619140625,0.437744140625,0.2637939453125
2721,0.4468994140625,0.342529296875,0.2105712890625
2722,0.42236328125,0.38446044921875,0.19317626953125
2723,0.44451904296875,0.45379638671875,0.1016845703125
2724,0.3221435546875,0.50006103515625,0.17779541015625
2725,0.20782470703125,0.47308349609375,0.319091796875
2726,0.46807861328125,0.484619140625,0.04730224609375
2727,0.251953125,0.28997802734375,0.45806884765625
2728,0.1805419921875,0.486328125,0.3331298828125
2729,0.33294677734375,0.46417236328125,0.202880859375
2730,0.5792236328125,0.27667236328125,0.14410400390625
2731,0.10565185546875,0.746826171875,0.14752197265625
2732,0.15606689453125,0.5347900390625,0.30914306640625
2733,0.076416015625,0.60760498046875,0.31597900390625
2734,0.18829345703125,0.4058837890625,0.40582275390625
2735,0.50213623046875,0.25933837890625,0.238525390625
2736,0.3056640625,0.42626953125,0.26806640625
2737,0.3631591796875,0.375,0.2618408203125
2738,0.35455322265625,0.315185546875,0.33026123046875
2739,0.21551513671875,0.480712890625,0.30377197265625
2740,0.36053466796875,0.47332763671875,0.1661376953125
2741,0.27294921875,0.44378662109375,0.28326416015625
2742,0.18902587890625,0.5428466796875,0.26812744140625
2743,0.2923583984375,0.25372314453125,0.45391845703125
2744,0.49066162109375,0.40118408203125,0.108154296875
2745,0.3096923828125,0.52374267578125,0.16656494140625
2746,0.45062255859375,0.03662109375,0.51275634765625
2747,0.260009765625,0.40594482421875,0.33404541015625
2748,0.50439453125,0.40118408203125,0.09442138671875
2749,0.23876953125,0.56683349609375,0.19439697265625
2750,0.42388916015625,0.34869384765625,0.2274169921875
2751,0.28900146484375,0.3258056640625,0.38519287109375
2752,0.33251953125,0.359619140625,0.307861328125
2753,0.254150390625,0.42388916015625,0.32196044921875
2754,0.24761962890625,0.3643798828125,0.38800048828125
2755,0.27252197265625,0.36346435546875,0.364013671875
2756,0.3419189453125,0.20538330078125,0.45269775390625
2757,0.366455078125,0.40972900390625,0.22381591796875
2758,0.41217041015625,0.3367919921875,0.25103759765625
2759,0.193603515625,0.4456787109375,0.3607177734375
2760,0.4307861328125,0.400390625,0.1688232421875
2761,0.26318359375,0.43243408203125,0.30438232421875
2762,0.32867431640625,0.2681884765625,0.40313720703125
2763,0.4862060546875,0.412841796875,0.1009521484375
2764,0.35406494140625,0.35699462890625,0.2889404296875
2765,0.31390380859375,0.39959716796875,0.2864990234375
2766,0.09991455078125,0.6767578125,0.22332763671875
2767,0.05572509765625,0.30511474609375,0.63916015625
2768,0.3076171875,0.39715576171875,0.29522705078125
2769,0.40521240234375,0.46405029296875,0.1307373046875
2770,0.23712158203125,0.44488525390625,0.3179931640625
2771,0.4071044921875,0.339599609375,0.2532958984375
2772,0.52410888671875,0.21649169921875,0.2593994140625
2773,0.21051025390625,0.38262939453125,0.4068603515625
2774,0.43603515625,0.3719482421875,0.1920166015625
2775,0.21856689453125,0.28765869140625,0.4937744140625
2776,0.2568359375,0.46710205078125,0.27606201171875
2777,0.0875244140625,0.51348876953125,0.39898681640625
2778,0.06365966796875,0.5166015625,0.41973876953125
2779,0.4410400390625,0.23101806640625,0.32794189453125
2780,0.29376220703125,0.45074462890625,0.2554931640625
2781,0.44879150390625,0.1741943359375,0.37701416015625
2782,0.49664306640625,0.1011962890625,0.40216064453125
2783,0.19195556640625,0.50958251953125,0.2984619140625
2784,0.1578369140625,0.42816162109375,0.41400146484375
2785,0.1646728515625,0.5355224609375,0.2998046875
2786,0.5692138671875,0.26214599609375,0.16864013671875
2787,0.5347900390625,0.24298095703125,0.22222900390625
2788,0.1971435546875,0.2059326171875,0.596923828125
2789,0.07373046875,0.88287353515625,0.04339599609375
2790,0.3466796875,0.46453857421875,0.18878173828125
2791,0.40753173828125,0.32220458984375,0.270263671875
2792,0.48046875,0.24664306640625,0.27288818359375
2793,0.37237548828125,0.33660888671875,0.291015625
2794,0.2384033203125,0.408203125,0.3533935546875
2795,0.40838623046875,0.3887939453125,0.20281982421875
2796,0.370849609375,0.4453125,0.183837890625
2797,0.4034423828125,0.36639404296875,0.23016357421875
2798,0.42083740234375,0.302978515625,0.27618408203125
2799,0.233154296875,0.384033203125,0.3828125
2800,0.459228515625,0.4996337890625,0.0411376953125
2801,0.56561279296875,0.3486328125,0.08575439453125
2802,0.26116943359375,0.39837646484375,0.3404541015625
2803,0.4796142578125,0.38507080078125,0.13531494140625
2804,0.4354248046875,0.33135986328125,0.23321533203125
2805,0.18402099609375,0.36273193359375,0.4532470703125
2806,0.1962890625,0.421630859375,0.382080078125
2807,0.46783447265625,0.3262939453125,0.20587158203125
2808,0.15087890625,0.42327880859375,0.42584228515625
2809,0.3980712890625,0.465087890625,0.1368408203125
2810,0.4210205078125,0.37744140625,0.2015380859375
2811,0.39154052734375,0.3826904296875,0.22576904296875
2812,0.18621826171875,0.37249755859375,0.4412841796875
2813,0.2882080078125,0.32281494140625,0.38897705078125
2814,0.4969482421875,0.2698974609375,0.233154296875
2815,0.33099365234375,0.4947509765625,0.17425537109375
2816,0.1317138671875,0.49578857421875,0.37249755859375
2817,0.07958984375,0.48748779296875,0.43292236328125
2818,0.21026611328125,0.44049072265625,0.3492431640625
2819,0.36920166015625,0.42681884765625,0.2039794921875
2820,0.37225341796875,0.3785400390625,0.24920654296875
2821,0.39764404296875,0.3887939453125,0.21356201171875
2822,0.26824951171875,0.50262451171875,0.2291259765625
2823,0.32000732421875,0.4832763671875,0.19671630859375
2824,0.49481201171875,0.313232421875,0.19195556640625
2825,0.35589599609375,0.39959716796875,0.2445068359375
2826,0.3421630859375,0.49005126953125,0.16778564453125
2827,0.56494140625,0.3277587890625,0.1072998046875
2828,0.41510009765625,0.38446044921875,0.200439453125
2829,0.27581787109375,0.47332763671875,0.2508544921875
2830,0.15289306640625,0.4842529296875,0.36285400390625
2831,0.33819580078125,0.40240478515625,0.2593994140625
2832,0.48236083984375,0.27081298828125,0.246826171875
2833,0.0875244140625,0.57086181640625,0.34161376953125
2834,0.2783203125,0.53765869140625,0.18402099609375
2835,0.33343505859375,0.38848876953125,0.278076171875
2836,0.21954345703125,0.31805419921875,0.46240234375
2837,0.15655517578125,0.4046630859375,0.43878173828125
2838,0.40203857421875,0.27630615234375,0.3216552734375
2839,0.373779296875,0.24322509765625,0.38299560546875
2840,0.53619384765625,0.24749755859375,0.21630859375
2841,0.317626953125,0.46453857421875,0.21783447265625
2842,0.13262939453125,0.44171142578125,0.4256591796875
2843,0.32269287109375,0.57440185546875,0.1029052734375
2844,0.3935546875,0.37506103515625,0.23138427734375
2845,0.328857421875,0.51763916015625,0.15350341796875
2846,0.1728515625,0.56793212890625,0.25921630859375
2847,0.4853515625,0.24566650390625,0.26898193359375
2848,0.447509765625,0.3111572265625,0.2413330078125
2849,0.38568115234375,0.331787109375,0.28253173828125
2850,0.54608154296875,0.21826171875,0.23565673828125
2851,0.37908935546875,0.4498291015625,0.17108154296875
2852,0.25347900390625,0.3670654296875,0.37945556640625
2853,0.42633056640625,0.51812744140625,0.0555419921875
2854,0.21319580078125,0.52044677734375,0.266357421875
2855,0.39154052734375,0.5538330078125,0.05462646484375
2856,0.417236328125,0.475830078125,0.10693359375
2857,0.2879638671875,0.3240966796875,0.387939453125
2858,0.14404296875,0.6715087890625,0.1844482421875
2859,0.3553466796875,0.27874755859375,0.36590576171875
2860,0.466552734375,0.16046142578125,0.37298583984375
2861,0.45782470703125,0.47021484375,0.07196044921875
2862,0.28253173828125,0.49212646484375,0.225341796875
2863,0.52520751953125,0.32818603515625,0.1466064453125
2864,0.36407470703125,0.4530029296875,0.18292236328125
2865,0.371337890625,0.280029296875,0.3486328125
2866,0.31256103515625,0.4063720703125,0.28106689453125
2867,0.36285400390625,0.354736328125,0.28240966796875
2868,0.30804443359375,0.38751220703125,0.304443359375
2869,0.39093017578125,0.39862060546875,0.21044921875
2870,0.3135986328125,0.423095703125,0.2633056640625
2871,0.37017822265625,0.29962158203125,0.3302001953125
2872,0.18121337890625,0.52618408203125,0.2926025390625
2873,0.1998291015625,0.52691650390625,0.27325439453125
2874,0.36126708984375,0.3367919921875,0.30194091796875
2875,0.26519775390625,0.47576904296875,0.259033203125
2876,0.385009765625,0.43109130859375,0.18389892578125
2877,0.14825439453125,0.56781005859375,0.283935546875
2878,0.24749755859375,0.378662109375,0.37384033203125
2879,0.19427490234375,0.5452880859375,0.26043701171875
2880,0.1212158203125,0.548828125,0.3299560546875
2881,0.30316162109375,0.59356689453125,0.103271484375
2882,0.49798583984375,0.3626708984375,0.13934326171875
2883,0.49237060546875,0.35345458984375,0.1541748046875
2884,0.2996826171875,0.570068359375,0.1302490234375
2885,0.18438720703125,0.5511474609375,0.26446533203125
2886,0.48516845703125,0.4896240234375,0.02520751953125
2887,0.36309814453125,0.53021240234375,0.106689453125
2888,0.41357421875,0.3658447265625,0.2205810546875
2889,0.3917236328125,0.30322265625,0.3050537109375
2890,0.4930419921875,0.30816650390625,0.19879150390625
2891,0.3070068359375,0.6107177734375,0.082275390625
2892,0.3016357421875,0.5260009765625,0.17236328125
2893,0.05731201171875,0.462890625,0.47979736328125
2894,0.36676025390625,0.3433837890625,0.28985595703125
2895,0.34075927734375,0.32196044921875,0.3372802734375
2896,0.2274169921875,0.30914306640625,0.46343994140625
2897,0.51715087890625,0.2392578125,0.24359130859375
2898,0.28717041015625,0.3331298828125,0.37969970703125
2899,0.17919921875,0.32342529296875,0.49737548828125
2900,0.384033203125,0.42431640625,0.191650390625
2901,0.2515869140625,0.41143798828125,0.33697509765625
2902,0.25238037109375,0.57049560546875,0.1771240234375
2903,0.3778076171875,0.4490966796875,0.173095703125
2904,0.32489013671875,0.41461181640625,0.260498046875
2905,0.08697509765625,0.43658447265625,0.4764404296875
2906,0.6995849609375,0.26239013671875,0.03802490234375
2907,0.261962890625,0.562255859375,0.17578125
2908,0.77679443359375,0.1934814453125,0.02972412109375
2909,0.5863037109375,0.27618408203125,0.13751220703125
2910,0.55108642578125,0.30474853515625,0.1441650390625
2911,0.4376220703125,0.2625732421875,0.2998046875
2912,0.21881103515625,0.51947021484375,0.26171875
2913,0.4373779296875,0.3458251953125,0.216796875
2914,0.25634765625,0.59027099609375,0.15338134765625
2915,0.3104248046875,0.451416015625,0.2381591796875
2916,0.26129150390625,0.457275390625,0.28143310546875
2917,0.1397705078125,0.50531005859375,0.35491943359375
2918,0.25390625,0.33685302734375,0.40924072265625
2919,0.40081787109375,0.49041748046875,0.1087646484375
2920,0.45220947265625,0.374755859375,0.17303466796875
2921,0.33087158203125,0.55487060546875,0.1142578125
2922,0.4600830078125,0.3072509765625,0.232666015625
2923,0.0958251953125,0.4957275390625,0.408447265625
2924,0.1473388671875,0.48388671875,0.3687744140625
2925,0.34814453125,0.35205078125,0.2998046875
2926,0.625732421875,0.17547607421875,0.19879150390625
2927,0.3695068359375,0.40374755859375,0.22674560546875
2928,0.3436279296875,0.339111328125,0.3172607421875
2929,0.20587158203125,0.363525390625,0.43060302734375
2930,0.1689453125,0.53924560546875,0.29180908203125
2931,0.11676025390625,0.4200439453125,0.46319580078125
2932,0.39892578125,0.277587890625,0.323486328125
2933,0.60797119140625,0.3394775390625,0.05255126953125
2934,0.136474609375,0.44683837890625,0.41668701171875
2935,0.515380859375,0.31695556640625,0.16766357421875
2936,0.32330322265625,0.41546630859375,0.26123046875
2937,0.424560546875,0.39501953125,0.180419921875
2938,0.8154296875,0.15850830078125,0.02606201171875
2939,0.154296875,0.59552001953125,0.25018310546875
2940,0.25238037109375,0.54248046875,0.20513916015625
2941,0.20001220703125,0.488525390625,0.31146240234375
2942,0.28912353515625,0.36285400390625,0.3480224609375
2943,0.47100830078125,0.3145751953125,0.21441650390625
2944,0.3184814453125,0.43560791015625,0.24591064453125
2945,0.312255859375,0.44415283203125,0.24359130859375
2946,0.30255126953125,0.5201416015625,0.17730712890625
2947,0.4368896484375,0.48895263671875,0.07415771484375
2948,0.3837890625,0.40606689453125,0.21014404296875
2949,0.328857421875,0.39752197265625,0.27362060546875
2950,0.37091064453125,0.2696533203125,0.35943603515625
2951,0.33709716796875,0.4874267578125,0.17547607421875
2952,0.63763427734375,0.33636474609375,0.0260009765625
2953,0.58984375,0.32586669921875,0.08428955078125
2954,0.23956298828125,0.372802734375,0.38763427734375
2955,0.17755126953125,0.44439697265625,0.3780517578125
2956,0.37835693359375,0.3896484375,0.23199462890625
2957,0.36993408203125,0.44061279296875,0.189453125
2958,0.21136474609375,0.57684326171875,0.2117919921875
2959,0.09368896484375,0.65374755859375,0.2525634765625
2960,0.36444091796875,0.44671630859375,0.1888427734375
2961,0.6171875,0.325927734375,0.056884765625
2962,0.38800048828125,0.40484619140625,0.2071533203125
2963,0.279541015625,0.4779052734375,0.2425537109375
2964,0.2130126953125,0.5718994140625,0.215087890625
2965,0.6033935546875,0.34564208984375,0.05096435546875
2966,0.58203125,0.287841796875,0.130126953125
2967,0.3328857421875,0.28564453125,0.3814697265625
2968,0.197998046875,0.36083984375,0.441162109375
2969,0.08929443359375,0.59332275390625,0.3173828125
2970,0.44293212890625,0.43072509765625,0.1263427734375
2971,0.41204833984375,0.4620361328125,0.12591552734375
2972,0.397216796875,0.40631103515625,0.19647216796875
2973,0.4127197265625,0.43829345703125,0.14898681640625
2974,0.46240234375,0.16339111328125,0.37420654296875
2975,0.500732421875,0.34942626953125,0.14984130859375
2976,0.631103515625,0.20538330078125,0.16351318359375
2977,0.287109375,0.36651611328125,0.34637451171875
2978,0.27642822265625,0.36358642578125,0.3599853515625
2979,0.59918212890625,0.27178955078125,0.1290283203125
2980,0.28082275390625,0.49090576171875,0.228271484375
2981,0.299560546875,0.45989990234375,0.24053955078125
2982,0.43560791015625,0.10223388671875,0.462158203125
2983,0.27423095703125,0.274658203125,0.45111083984375
2984,0.11431884765625,0.51251220703125,0.3731689453125
2985,0.21051025390625,0.5206298828125,0.26885986328125
2986,0.322998046875,0.48809814453125,0.18890380859375
2987,0.20147705078125,0.36749267578125,0.4310302734375
2988,0.29510498046875,0.30816650390625,0.396728515625
2989,0.193603515625,0.55499267578125,0.25140380859375
2990,0.3153076171875,0.39495849609375,0.28973388671875
2991,0.3516845703125,0.35675048828125,0.29156494140625
2992,0.235107421875,0.6558837890625,0.1090087890625
2993,0.434814453125,0.54449462890625,0.02069091796875
2994,0.3779296875,0.385009765625,0.237060546875
2995,0.1966552734375,0.74298095703125,0.06036376953125
2996,0.158203125,0.7781982421875,0.0635986328125
2997,0.15771484375,0.345458984375,0.496826171875
2998,0.25445556640625,0.4415283203125,0.30401611328125
2999,0.3662109375,0.389404296875,0.244384765625
3000,0.31591796875,0.22479248046875,0.45928955078125
3001,0.3839111328125,0.31622314453125,0.29986572265625
3002,0.41802978515625,0.4610595703125,0.12091064453125
3003,0.31890869140625,0.3919677734375,0.28912353515625
3004,0.3341064453125,0.44537353515625,0.22052001953125
3005,0.12237548828125,0.4063720703125,0.47125244140625
3006,0.21026611328125,0.30316162109375,0.486572265625
3007,0.2850341796875,0.41253662109375,0.30242919921875
3008,0.2938232421875,0.2628173828125,0.443359375
3009,0.29937744140625,0.1944580078125,0.50616455078125
3010,0.15496826171875,0.03082275390625,0.814208984375
3011,0.35198974609375,0.03961181640625,0.6083984375
3012,0.49163818359375,0.03363037109375,0.4747314453125
3013,0.27154541015625,0.281982421875,0.44647216796875
3014,0.32110595703125,0.48193359375,0.19696044921875
3015,0.2099609375,0.2440185546875,0.5460205078125
3016,0.4620361328125,0.1578369140625,0.380126953125
3017,0.322509765625,0.16937255859375,0.50811767578125
3018,0.2099609375,0.36053466796875,0.42950439453125
3019,0.19403076171875,0.23907470703125,0.56689453125
3020,0.115966796875,0.3831787109375,0.5008544921875
3021,0.30352783203125,0.36505126953125,0.3314208984375
3022,0.2176513671875,0.43603515625,0.3463134765625
3023,0.19085693359375,0.50750732421875,0.3016357421875
3024,0.23150634765625,0.44952392578125,0.3189697265625
3025,0.3240966796875,0.14154052734375,0.53436279296875
3026,0.35101318359375,0.4990234375,0.14996337890625
3027,0.33428955078125,0.32159423828125,0.3441162109375
3028,0.22991943359375,0.3538818359375,0.41619873046875
3029,0.17645263671875,0.399169921875,0.42437744140625
3030,0.117431640625,0.8409423828125,0.0416259765625
3031,0.242919921875,0.4566650390625,0.3004150390625
3032,0.357666015625,0.395263671875,0.2470703125
3033,0.48309326171875,0.335205078125,0.18170166015625
3034,0.3551025390625,0.34796142578125,0.29693603515625
3035,0.2630615234375,0.38531494140625,0.35162353515625
3036,0.279541015625,0.70416259765625,0.01629638671875
3037,0.56085205078125,0.2357177734375,0.20343017578125
3038,0.5926513671875,0.0870361328125,0.3203125
3039,0.67681884765625,0.167724609375,0.15545654296875
3040,0.70550537109375,0.1787109375,0.11578369140625
3041,0.2449951171875,0.45965576171875,0.29534912109375
3042,0.5294189453125,0.4102783203125,0.060302734375
3043,0.27276611328125,0.52923583984375,0.197998046875
3044,0.364501953125,0.44146728515625,0.19403076171875
3045,0.3621826171875,0.42498779296875,0.21282958984375
3046,0.464111328125,0.52239990234375,0.01348876953125
3047,0.4320068359375,0.32659912109375,0.24139404296875
3048,0.352294921875,0.6278076171875,0.0198974609375
3049,0.4300537109375,0.5460205078125,0.02392578125
3050,0.351318359375,0.59088134765625,0.05780029296875
3051,0.30548095703125,0.472900390625,0.22161865234375
3052,0.4630126953125,0.353515625,0.1834716796875
3053,0.27862548828125,0.48126220703125,0.2401123046875
3054,0.484130859375,0.35626220703125,0.15960693359375
3055,0.24371337890625,0.3433837890625,0.41290283203125
3056,0.4298095703125,0.36968994140625,0.20050048828125
3057,0.48077392578125,0.24188232421875,0.27734375
3058,0.4473876953125,0.3236083984375,0.22900390625
3059,0.5400390625,0.22625732421875,0.23370361328125
3060,0.31695556640625,0.42694091796875,0.256103515625
3061,0.28558349609375,0.444580078125,0.26983642578125
3062,0.05120849609375,0.51141357421875,0.4373779296875
3063,0.19207763671875,0.45941162109375,0.3485107421875
3064,0.32989501953125,0.34283447265625,0.3272705078125
3065,0.33538818359375,0.39678955078125,0.267822265625
3066,0.2919921875,0.44573974609375,0.26226806640625
3067,0.2977294921875,0.3973388671875,0.304931640625
3068,0.469482421875,0.3447265625,0.185791015625
3069,0.33172607421875,0.37664794921875,0.2916259765625
3070,0.0745849609375,0.46173095703125,0.46368408203125
3071,0.15570068359375,0.46771240234375,0.3765869140625
3072,0.30804443359375,0.29144287109375,0.4005126953125
3073,0.24615478515625,0.4969482421875,0.25689697265625
3074,0.35137939453125,0.3865966796875,0.26202392578125
3075,0.3453369140625,0.43328857421875,0.22137451171875
3076,0.40191650390625,0.45452880859375,0.1435546875
3077,0.1878662109375,0.32073974609375,0.49139404296875
3078,0.25103759765625,0.39508056640625,0.3538818359375
3079,0.4678955078125,0.34796142578125,0.18414306640625
3080,0.4268798828125,0.323486328125,0.2496337890625
3081,0.4371337890625,0.39508056640625,0.16778564453125
3082,0.626953125,0.22833251953125,0.14471435546875
3083,0.36456298828125,0.43560791015625,0.1998291015625
3084,0.24853515625,0.5162353515625,0.2352294921875
3085,0.531982421875,0.3504638671875,0.1175537109375
3086,0.526123046875,0.24407958984375,0.22979736328125
3087,0.50091552734375,0.384033203125,0.11505126953125
3088,0.5562744140625,0.36785888671875,0.07586669921875
3089,0.322265625,0.6331787109375,0.0445556640625
3090,0.2421875,0.4986572265625,0.2591552734375
3091,0.48834228515625,0.35687255859375,0.15478515625
3092,0.38970947265625,0.40460205078125,0.2056884765625
3093,0.47027587890625,0.3843994140625,0.14532470703125
3094,0.57928466796875,0.2574462890625,0.16326904296875
3095,0.17852783203125,0.57489013671875,0.24658203125
3096,0.5189208984375,0.09356689453125,0.38751220703125
3097,0.51800537109375,0.39324951171875,0.0887451171875
3098,0.5081787109375,0.36163330078125,0.13018798828125
3099,0.5557861328125,0.3997802734375,0.04443359375
3100,0.39971923828125,0.26141357421875,0.3388671875
3101,0.33074951171875,0.3189697265625,0.35028076171875
3102,0.3349609375,0.28582763671875,0.37921142578125
3103,0.23748779296875,0.415283203125,0.34722900390625
3104,0.38897705078125,0.2657470703125,0.34527587890625
3105,0.35205078125,0.40716552734375,0.24078369140625
3106,0.22900390625,0.44036865234375,0.33062744140625
3107,0.17584228515625,0.74017333984375,0.083984375
3108,0.1046142578125,0.43505859375,0.4603271484375
3109,0.16253662109375,0.41693115234375,0.4205322265625
3110,0.03955078125,0.50408935546875,0.45635986328125
3111,0.449951171875,0.2657470703125,0.2843017578125
3112,0.2808837890625,0.3387451171875,0.38037109375
3113,0.18560791015625,0.47247314453125,0.3419189453125
3114,0.12908935546875,0.45184326171875,0.4190673828125
3115,0.20562744140625,0.501953125,0.29241943359375
3116,0.25665283203125,0.4591064453125,0.28424072265625
3117,0.18988037109375,0.39013671875,0.41998291015625
3118,0.11724853515625,0.51953125,0.36322021484375
3119,0.3719482421875,0.4044189453125,0.2236328125
3120,0.30426025390625,0.331787109375,0.36395263671875
3121,0.26806640625,0.37677001953125,0.35516357421875
3122,0.1767578125,0.42578125,0.3974609375
3123,0.4337158203125,0.3203125,0.2459716796875
3124,0.120361328125,0.573486328125,0.30615234375
3125,0.65374755859375,0.203369140625,0.14288330078125
3126,0.47869873046875,0.18267822265625,0.338623046875
3127,0.35272216796875,0.3450927734375,0.30218505859375
3128,0.0360107421875,0.3743896484375,0.589599609375
3129,0.1365966796875,0.1927490234375,0.670654296875
3130,0.4927978515625,0.35711669921875,0.15008544921875
3131,0.29254150390625,0.5643310546875,0.14312744140625
3132,0.06378173828125,0.50506591796875,0.43115234375
3133,0.0545654296875,0.36346435546875,0.58197021484375
3134,0.31878662109375,0.5067138671875,0.17449951171875
3135,0.1275634765625,0.55596923828125,0.31646728515625
3136,0.25958251953125,0.55426025390625,0.1861572265625
3137,0.34930419921875,0.27520751953125,0.37548828125
3138,0.33734130859375,0.4261474609375,0.23651123046875
3139,0.23333740234375,0.25567626953125,0.510986328125
3140,0.2950439453125,0.232421875,0.4725341796875
3141,0.2117919921875,0.32391357421875,0.46429443359375
3142,0.0615234375,0.40399169921875,0.53448486328125
3143,0.395751953125,0.3311767578125,0.2730712890625
3144,0.4171142578125,0.3038330078125,0.279052734375
3145,0.50201416015625,0.31292724609375,0.18505859375
3146,0.09002685546875,0.52679443359375,0.3831787109375
3147,0.242919921875,0.388671875,0.368408203125
3148,0.36944580078125,0.2548828125,0.37567138671875
3149,0.45867919921875,0.26324462890625,0.278076171875
3150,0.3170166015625,0.32208251953125,0.36090087890625
3151,0.50323486328125,0.2872314453125,0.20953369140625
3152,0.4012451171875,0.32635498046875,0.27239990234375
3153,0.18731689453125,0.37677001953125,0.4359130859375
3154,0.0760498046875,0.44573974609375,0.47821044921875
3155,0.36480712890625,0.5745849609375,0.06060791015625
3156,0.2579345703125,0.54876708984375,0.19329833984375
3157,0.3515625,0.38525390625,0.26318359375
3158,0.2861328125,0.4979248046875,0.2159423828125
3159,0.365478515625,0.33892822265625,0.29559326171875
3160,0.16900634765625,0.49554443359375,0.33544921875
3161,0.2081298828125,0.43988037109375,0.35198974609375
3162,0.424560546875,0.52227783203125,0.05316162109375
3163,0.27691650390625,0.428466796875,0.29461669921875
3164,0.19512939453125,0.49542236328125,0.3094482421875
3165,0.4422607421875,0.3170166015625,0.24072265625
3166,0.4971923828125,0.277099609375,0.2257080078125
3167,0.30596923828125,0.39422607421875,0.2998046875
3168,0.3521728515625,0.34576416015625,0.30206298828125
3169,0.21337890625,0.3001708984375,0.4864501953125
3170,0.1727294921875,0.34014892578125,0.48712158203125
3171,0.51080322265625,0.3443603515625,0.14483642578125
3172,0.45355224609375,0.40643310546875,0.1400146484375
3173,0.1846923828125,0.42877197265625,0.38653564453125
3174,0.10589599609375,0.6719970703125,0.22210693359375
3175,0.239501953125,0.39459228515625,0.36590576171875
3176,0.35479736328125,0.43060302734375,0.214599609375
3177,0.50701904296875,0.20196533203125,0.291015625
3178,0.48480224609375,0.375732421875,0.13946533203125
3179,0.50323486328125,0.35009765625,0.14666748046875
3180,0.25506591796875,0.4571533203125,0.28778076171875
3181,0.4259033203125,0.31884765625,0.2552490234375
3182,0.455078125,0.38690185546875,0.15802001953125
3183,0.1888427734375,0.54766845703125,0.26348876953125
3184,0.23883056640625,0.3990478515625,0.36212158203125
3185,0.37579345703125,0.4166259765625,0.20758056640625
3186,0.34906005859375,0.4056396484375,0.24530029296875
3187,0.32659912109375,0.36004638671875,0.3133544921875
3188,0.28533935546875,0.33990478515625,0.374755859375
3189,0.226318359375,0.5421142578125,0.2315673828125
3190,0.4251708984375,0.330810546875,0.2440185546875
3191,0.15093994140625,0.44384765625,0.40521240234375
3192,0.26861572265625,0.4637451171875,0.26763916015625
3193,0.26220703125,0.4447021484375,0.2930908203125
3194,0.25152587890625,0.363525390625,0.38494873046875
3195,0.15032958984375,0.44146728515625,0.408203125
3196,0.28131103515625,0.357666015625,0.36102294921875
3197,0.2425537109375,0.58099365234375,0.17645263671875
3198,0.17193603515625,0.45941162109375,0.36865234375
3199,0.2530517578125,0.3638916015625,0.383056640625
3200,0.43267822265625,0.44036865234375,0.126953125
3201,0.38604736328125,0.29620361328125,0.3177490234375
3202,0.51263427734375,0.26495361328125,0.222412109375
3203,0.18450927734375,0.14349365234375,0.6719970703125
3204,0.21624755859375,0.37030029296875,0.4134521484375
3205,0.14306640625,0.502685546875,0.354248046875
3206,0.069580078125,0.57354736328125,0.35687255859375
3207,0.25396728515625,0.43109130859375,0.31494140625
3208,0.3131103515625,0.5662841796875,0.12060546875
3209,0.31878662109375,0.52490234375,0.15631103515625
3210,0.20947265625,0.6571044921875,0.1334228515625
3211,0.21856689453125,0.19097900390625,0.5904541015625
3212,0.329345703125,0.563232421875,0.107421875
3213,0.297607421875,0.48992919921875,0.21246337890625
3214,0.31524658203125,0.37042236328125,0.3143310546875
3215,0.4931640625,0.36383056640625,0.14300537109375
3216,0.567138671875,0.2900390625,0.142822265625
3217,0.3883056640625,0.3004150390625,0.311279296875
3218,0.2056884765625,0.6563720703125,0.137939453125
3219,0.32501220703125,0.3916015625,0.28338623046875
3220,0.360595703125,0.29034423828125,0.34906005859375
3221,0.45867919921875,0.40576171875,0.13555908203125
3222,0.3917236328125,0.3360595703125,0.272216796875
3223,0.499755859375,0.274169921875,0.22607421875
3224,0.4251708984375,0.31365966796875,0.26116943359375
3225,0.3668212890625,0.31085205078125,0.32232666015625
3226,0.32080078125,0.34765625,0.33154296875
3227,0.41839599609375,0.20611572265625,0.37548828125
3228,0.26776123046875,0.3447265625,0.38751220703125
3229,0.10443115234375,0.30059814453125,0.594970703125
3230,0.0968017578125,0.43499755859375,0.46820068359375
3231,0.16259765625,0.666748046875,0.170654296875
3232,0.49676513671875,0.3370361328125,0.16619873046875
3233,0.4345703125,0.24737548828125,0.31805419921875
3234,0.44873046875,0.4891357421875,0.0621337890625
3235,0.14501953125,0.50640869140625,0.34857177734375
3236,0.20050048828125,0.3017578125,0.49774169921875
3237,0.23486328125,0.31103515625,0.4541015625
3238,0.59930419921875,0.30047607421875,0.1002197265625
3239,0.31854248046875,0.52447509765625,0.156982421875
3240,0.35577392578125,0.4100341796875,0.23419189453125
3241,0.095458984375,0.2059326171875,0.6986083984375
3242,0.422119140625,0.41741943359375,0.16046142578125
3243,0.16131591796875,0.3892822265625,0.44940185546875
3244,0.09588623046875,0.410400390625,0.49371337890625
3245,0.29925537109375,0.43890380859375,0.2618408203125
3246,0.34039306640625,0.26873779296875,0.390869140625
3247,0.29315185546875,0.44158935546875,0.2652587890625
3248,0.35211181640625,0.4364013671875,0.21148681640625
3249,0.33343505859375,0.40338134765625,0.26318359375
3250,0.30999755859375,0.36407470703125,0.325927734375
3251,0.2860107421875,0.35595703125,0.3580322265625
3252,0.1597900390625,0.442626953125,0.3975830078125
3253,0.4603271484375,0.214599609375,0.3250732421875
3254,0.208984375,0.45208740234375,0.33892822265625
3255,0.29852294921875,0.429931640625,0.27154541015625
3256,0.44354248046875,0.3106689453125,0.24578857421875
3257,0.31805419921875,0.35760498046875,0.3243408203125
3258,0.48638916015625,0.42584228515625,0.0877685546875
3259,0.15313720703125,0.41595458984375,0.430908203125
3260,0.3212890625,0.46356201171875,0.21514892578125
3261,0.34698486328125,0.37579345703125,0.2772216796875
3262,0.336181640625,0.236328125,0.427490234375
3263,0.32379150390625,0.451171875,0.22503662109375
3264,0.2799072265625,0.51385498046875,0.20623779296875
3265,0.31756591796875,0.43475341796875,0.2476806640625
3266,0.32647705078125,0.46051025390625,0.2130126953125
3267,0.24517822265625,0.47894287109375,0.27587890625
3268,0.2601318359375,0.48284912109375,0.25701904296875
3269,0.414794921875,0.2823486328125,0.3028564453125
3270,0.147216796875,0.29229736328125,0.56048583984375
3271,0.15472412109375,0.3905029296875,0.45477294921875
3272,0.3629150390625,0.38232421875,0.2547607421875
3273,0.1466064453125,0.57318115234375,0.28021240234375
3274,0.0716552734375,0.57550048828125,0.35284423828125
3275,0.37945556640625,0.4373779296875,0.18316650390625
3276,0.41314697265625,0.36468505859375,0.22216796875
3277,0.03558349609375,0.6064453125,0.35797119140625
3278,0.2554931640625,0.33282470703125,0.41168212890625
3279,0.25213623046875,0.352294921875,0.39556884765625
3280,0.52325439453125,0.38726806640625,0.0894775390625
3281,0.32684326171875,0.31646728515625,0.356689453125
3282,0.4139404296875,0.39031982421875,0.19573974609375
3283,0.41778564453125,0.4002685546875,0.18194580078125
3284,0.420166015625,0.2982177734375,0.2816162109375
3285,0.424072265625,0.2374267578125,0.3385009765625
3286,0.5301513671875,0.1444091796875,0.325439453125
3287,0.35955810546875,0.49603271484375,0.1444091796875
3288,0.34954833984375,0.41461181640625,0.23583984375
3289,0.24176025390625,0.41864013671875,0.339599609375
3290,0.34808349609375,0.4613037109375,0.19061279296875
3291,0.5958251953125,0.37451171875,0.0296630859375
3292,0.32501220703125,0.4937744140625,0.18121337890625
3293,0.25933837890625,0.5067138671875,0.23394775390625
3294,0.50042724609375,0.4200439453125,0.07952880859375
3295,0.4488525390625,0.4468994140625,0.104248046875
3296,0.35955810546875,0.27276611328125,0.36767578125
3297,0.26300048828125,0.4287109375,0.30828857421875
3298,0.515869140625,0.4259033203125,0.0582275390625
3299,0.32818603515625,0.31402587890625,0.3577880859375
3300,0.3634033203125,0.46929931640625,0.16729736328125
3301,0.3583984375,0.48822021484375,0.15338134765625
3302,0.14013671875,0.53240966796875,0.32745361328125
3303,0.25054931640625,0.5367431640625,0.21270751953125
3304,0.13165283203125,0.29010009765625,0.5782470703125
3305,0.215087890625,0.3433837890625,0.4415283203125
3306,0.30999755859375,0.47308349609375,0.2169189453125
3307,0.335205078125,0.47216796875,0.192626953125
3308,0.38494873046875,0.4573974609375,0.15765380859375
3309,0.21697998046875,0.4483642578125,0.33465576171875
3310,0.2933349609375,0.40423583984375,0.30242919921875
3311,0.156005859375,0.5418701171875,0.3021240234375
3312,0.41510009765625,0.38983154296875,0.195068359375
3313,0.288818359375,0.37164306640625,0.33953857421875
3314,0.10430908203125,0.42901611328125,0.4666748046875
3315,0.0863037109375,0.44598388671875,0.46771240234375
3316,0.32958984375,0.46685791015625,0.20355224609375
3317,0.15966796875,0.45428466796875,0.38604736328125
3318,0.28289794921875,0.352783203125,0.36431884765625
3319,0.19091796875,0.4822998046875,0.3267822265625
3320,0.44195556640625,0.2701416015625,0.28790283203125
3321,0.2249755859375,0.4647216796875,0.310302734375
3322,0.2974853515625,0.45928955078125,0.24322509765625
3323,0.27105712890625,0.39703369140625,0.3319091796875
3324,0.4814453125,0.224365234375,0.294189453125
3325,0.3253173828125,0.4498291015625,0.224853515625
3326,0.26776123046875,0.3502197265625,0.38201904296875
3327,0.10076904296875,0.4405517578125,0.45867919921875
3328,0.37432861328125,0.4681396484375,0.15753173828125
3329,0.35198974609375,0.4117431640625,0.23626708984375
3330,0.336669921875,0.273681640625,0.3896484375
3331,0.4039306640625,0.48541259765625,0.11065673828125
3332,0.2418212890625,0.44073486328125,0.31744384765625
3333,0.09100341796875,0.61114501953125,0.2978515625
3334,0.274169921875,0.194580078125,0.53125
3335,0.52789306640625,0.2593994140625,0.21270751953125
3336,0.515869140625,0.44451904296875,0.03961181640625
3337,0.37298583984375,0.40472412109375,0.2222900390625
3338,0.174560546875,0.451904296875,0.37353515625
3339,0.43817138671875,0.44012451171875,0.1217041015625
3340,0.55792236328125,0.2596435546875,0.18243408203125
3341,0.3841552734375,0.423828125,0.1920166015625
3342,0.36041259765625,0.4478759765625,0.19171142578125
3343,0.39569091796875,0.46197509765625,0.142333984375
3344,0.3175048828125,0.5050048828125,0.177490234375
3345,0.36737060546875,0.4747314453125,0.15789794921875
3346,0.3133544921875,0.46563720703125,0.22100830078125
3347,0.26904296875,0.3614501953125,0.3695068359375
3348,0.1676025390625,0.50396728515625,0.32843017578125
3349,0.43017578125,0.37030029296875,0.19952392578125
3350,0.27166748046875,0.39556884765625,0.332763671875
3351,0.16766357421875,0.4595947265625,0.37274169921875
3352,0.15972900390625,0.8001708984375,0.04010009765625
3353,0.39971923828125,0.51593017578125,0.0843505859375
3354,0.271728515625,0.42913818359375,0.29913330078125
3355,0.41107177734375,0.32940673828125,0.259521484375
3356,0.1300048828125,0.50482177734375,0.36517333984375
3357,0.24383544921875,0.73309326171875,0.0230712890625
3358,0.139892578125,0.67401123046875,0.18609619140625
3359,0.34124755859375,0.3759765625,0.28277587890625
3360,0.1123046875,0.5721435546875,0.3155517578125
3361,0.15277099609375,0.37054443359375,0.4766845703125
3362,0.07275390625,0.5791015625,0.34814453125
3363,0.5389404296875,0.25299072265625,0.20806884765625
3364,0.4520263671875,0.39825439453125,0.14971923828125
3365,0.4056396484375,0.312744140625,0.2816162109375
3366,0.36474609375,0.4443359375,0.19091796875
3367,0.304443359375,0.4454345703125,0.2501220703125
3368,0.44195556640625,0.39007568359375,0.16796875
3369,0.58575439453125,0.03472900390625,0.3795166015625
3370,0.5322265625,0.08660888671875,0.38116455078125
3371,0.327880859375,0.50469970703125,0.16741943359375
3372,0.21221923828125,0.32666015625,0.46112060546875
3373,0.06402587890625,0.4517822265625,0.48419189453125
3374,0.181884765625,0.3604736328125,0.4576416015625
3375,0.16424560546875,0.3834228515625,0.45233154296875
3376,0.27484130859375,0.3280029296875,0.39715576171875
3377,0.35601806640625,0.482177734375,0.16180419921875
3378,0.42059326171875,0.4609375,0.11846923828125
3379,0.095458984375,0.2666015625,0.637939453125
3380,0.4991455078125,0.15673828125,0.3441162109375
3381,0.03759765625,0.54937744140625,0.41302490234375
3382,0.05841064453125,0.4398193359375,0.50177001953125
3383,0.25189208984375,0.42559814453125,0.322509765625
3385,0.2969970703125,0.57513427734375,0.12786865234375
3386,0.42431640625,0.2950439453125,0.2806396484375
3387,0.058349609375,0.5634765625,0.378173828125
3388,0.5296630859375,0.37152099609375,0.09881591796875
3389,0.36993408203125,0.4718017578125,0.15826416015625
3390,0.38336181640625,0.3095703125,0.30706787109375
3391,0.1783447265625,0.36871337890625,0.45294189453125
3392,0.1025390625,0.841796875,0.0556640625
3393,0.3016357421875,0.33233642578125,0.36602783203125
3394,0.3702392578125,0.28515625,0.3446044921875
3395,0.57733154296875,0.35369873046875,0.0689697265625
3396,0.26666259765625,0.41986083984375,0.3134765625
3397,0.25738525390625,0.47235107421875,0.270263671875
3398,0.052734375,0.72613525390625,0.22113037109375
3399,0.55859375,0.2017822265625,0.2396240234375
3400,0.33062744140625,0.47900390625,0.19036865234375
3401,0.20233154296875,0.3624267578125,0.43524169921875
3402,0.375732421875,0.29443359375,0.329833984375
3403,0.372802734375,0.0494384765625,0.5777587890625
3404,0.32666015625,0.2021484375,0.47119140625
3405,0.31683349609375,0.2677001953125,0.41546630859375
3406,0.3656005859375,0.428466796875,0.2059326171875
3407,0.35137939453125,0.4632568359375,0.18536376953125
3408,0.35723876953125,0.4556884765625,0.18707275390625
3409,0.44158935546875,0.489013671875,0.06939697265625
3410,0.15740966796875,0.4898681640625,0.35272216796875
3411,0.18475341796875,0.2843017578125,0.53094482421875
3412,0.20782470703125,0.3917236328125,0.40045166015625
3413,0.165771484375,0.59637451171875,0.23785400390625
3414,0.1201171875,0.47369384765625,0.40618896484375
3415,0.17034912109375,0.5416259765625,0.28802490234375
3416,0.14056396484375,0.5313720703125,0.32806396484375
3417,0.306396484375,0.349609375,0.343994140625
3418,0.36932373046875,0.390380859375,0.24029541015625
3419,0.102783203125,0.47332763671875,0.42388916015625
3420,0.0472412109375,0.427001953125,0.5257568359375
3421,0.2843017578125,0.50341796875,0.2122802734375
3422,0.08856201171875,0.62091064453125,0.29052734375
3423,0.3887939453125,0.30389404296875,0.30731201171875
3424,0.400634765625,0.4000244140625,0.1993408203125
3425,0.2919921875,0.5001220703125,0.2078857421875
3426,0.40765380859375,0.344970703125,0.24737548828125
3427,0.32330322265625,0.3944091796875,0.28228759765625
3428,0.2939453125,0.4566650390625,0.2493896484375
3429,0.3238525390625,0.45867919921875,0.21746826171875
3430,0.3563232421875,0.41888427734375,0.22479248046875
3431,0.320068359375,0.4410400390625,0.2388916015625
3432,0.251220703125,0.44647216796875,0.30230712890625
3433,0.44036865234375,0.373046875,0.18658447265625
3434,0.370361328125,0.333984375,0.295654296875
3435,0.54071044921875,0.27825927734375,0.1810302734375
3436,0.49884033203125,0.4656982421875,0.03546142578125
3437,0.46527099609375,0.28607177734375,0.2486572265625
3438,0.57073974609375,0.2525634765625,0.17669677734375
3439,0.43829345703125,0.22686767578125,0.3348388671875
3440,0.46478271484375,0.26226806640625,0.27294921875
3441,0.2451171875,0.39007568359375,0.36480712890625
3442,0.19482421875,0.59783935546875,0.20733642578125
3443,0.36322021484375,0.4725341796875,0.16424560546875
3444,0.277099609375,0.45703125,0.265869140625
3445,0.45709228515625,0.33953857421875,0.203369140625
3446,0.356689453125,0.02435302734375,0.61895751953125
3447,0.53314208984375,0.45269775390625,0.01416015625
3448,0.25091552734375,0.41015625,0.33892822265625
3449,0.42901611328125,0.44891357421875,0.1220703125
3450,0.387939453125,0.4608154296875,0.1512451171875
3451,0.42071533203125,0.412109375,0.16717529296875
3452,0.5836181640625,0.2607421875,0.1556396484375
3453,0.3037109375,0.31341552734375,0.38287353515625
3454,0.37164306640625,0.2989501953125,0.32940673828125
3455,0.12969970703125,0.31866455078125,0.5516357421875
3456,0.11077880859375,0.4249267578125,0.46429443359375
3457,0.59783935546875,0.26007080078125,0.14208984375
3458,0.480224609375,0.35894775390625,0.16082763671875
3459,0.47393798828125,0.36761474609375,0.158447265625
3460,0.2432861328125,0.45428466796875,0.30242919921875
3461,0.6693115234375,0.30267333984375,0.02801513671875
3462,0.35162353515625,0.44970703125,0.19866943359375
3463,0.2733154296875,0.45208740234375,0.27459716796875
3464,0.216552734375,0.4779052734375,0.3055419921875
3465,0.293212890625,0.31793212890625,0.38885498046875
3466,0.17333984375,0.214111328125,0.612548828125
3467,0.1318359375,0.1834716796875,0.6846923828125
3468,0.17120361328125,0.2724609375,0.55633544921875
3469,0.09783935546875,0.43023681640625,0.471923828125
3470,0.36175537109375,0.48809814453125,0.150146484375
3471,0.1907958984375,0.5482177734375,0.260986328125
3472,0.39398193359375,0.29669189453125,0.309326171875
3473,0.105712890625,0.5360107421875,0.3582763671875
3474,0.0543212890625,0.580322265625,0.3653564453125
3475,0.48590087890625,0.1876220703125,0.32647705078125
3476,0.4195556640625,0.30963134765625,0.27081298828125
3477,0.30029296875,0.4892578125,0.21044921875
3478,0.28173828125,0.4627685546875,0.2554931640625
3479,0.3480224609375,0.433837890625,0.2181396484375
3480,0.388427734375,0.3970947265625,0.2144775390625
3481,0.354736328125,0.3485107421875,0.2967529296875
3482,0.15423583984375,0.5206298828125,0.32513427734375
3483,0.22784423828125,0.5257568359375,0.24639892578125
3484,0.0933837890625,0.630859375,0.2757568359375
3485,0.13775634765625,0.55682373046875,0.305419921875
3486,0.34783935546875,0.35052490234375,0.3016357421875
3487,0.3385009765625,0.3792724609375,0.2822265625
3488,0.69891357421875,0.21612548828125,0.0849609375
3489,0.38739013671875,0.2403564453125,0.37225341796875
3490,0.37420654296875,0.364013671875,0.26177978515625
3491,0.54107666015625,0.27545166015625,0.1834716796875
3492,0.135986328125,0.5882568359375,0.2757568359375
3493,0.43121337890625,0.34375,0.22503662109375
3494,0.22821044921875,0.3504638671875,0.42132568359375
3495,0.481689453125,0.3773193359375,0.1409912109375
3496,0.36871337890625,0.31396484375,0.31732177734375
3497,0.5362548828125,0.23223876953125,0.23150634765625
3498,0.33416748046875,0.3302001953125,0.33563232421875
3499,0.33477783203125,0.37957763671875,0.28564453125
3500,0.63739013671875,0.1312255859375,0.23138427734375
3501,0.3931884765625,0.37628173828125,0.23052978515625
3502,0.6983642578125,0.2735595703125,0.028076171875
3503,0.572998046875,0.35137939453125,0.07562255859375
3504,0.57330322265625,0.17108154296875,0.255615234375
3505,0.3565673828125,0.3280029296875,0.3154296875
3506,0.13409423828125,0.3397216796875,0.52618408203125
3507,0.11627197265625,0.615966796875,0.26776123046875
3508,0.42645263671875,0.49444580078125,0.0791015625
3509,0.39453125,0.37164306640625,0.23382568359375
3510,0.52972412109375,0.39459228515625,0.07568359375
3511,0.0966796875,0.65447998046875,0.24884033203125
3512,0.0748291015625,0.39697265625,0.5281982421875
3513,0.38262939453125,0.52752685546875,0.08984375
3514,0.0489501953125,0.7564697265625,0.194580078125
3515,0.31317138671875,0.38873291015625,0.298095703125
3516,0.12066650390625,0.30926513671875,0.570068359375
3517,0.34405517578125,0.3204345703125,0.33551025390625
3518,0.4404296875,0.236083984375,0.323486328125
3519,0.36541748046875,0.29193115234375,0.3426513671875
3520,0.35919189453125,0.30242919921875,0.33837890625
3521,0.38995361328125,0.47088623046875,0.13916015625
3522,0.3046875,0.38702392578125,0.30828857421875
3523,0.22296142578125,0.3748779296875,0.40216064453125
3524,0.47283935546875,0.23602294921875,0.2911376953125
3525,0.4310302734375,0.189697265625,0.3792724609375
3526,0.21002197265625,0.49249267578125,0.2974853515625
3527,0.28570556640625,0.39617919921875,0.318115234375
3528,0.213623046875,0.49322509765625,0.29315185546875
3529,0.4912109375,0.4150390625,0.09375
3530,0.21002197265625,0.34423828125,0.44573974609375
3531,0.3377685546875,0.37249755859375,0.28973388671875
3532,0.1395263671875,0.3868408203125,0.4736328125
3533,0.22552490234375,0.36669921875,0.40777587890625
3534,0.3604736328125,0.434326171875,0.2052001953125
3535,0.2789306640625,0.64361572265625,0.07745361328125
3536,0.40435791015625,0.37646484375,0.21917724609375
3537,0.44525146484375,0.384521484375,0.17022705078125
3538,0.434326171875,0.297607421875,0.26806640625
3539,0.42950439453125,0.2503662109375,0.32012939453125
3540,0.4630126953125,0.30657958984375,0.23040771484375
3541,0.47991943359375,0.36090087890625,0.1591796875
3542,0.52435302734375,0.2952880859375,0.18035888671875
3543,0.53411865234375,0.2999267578125,0.16595458984375
3544,0.13433837890625,0.50738525390625,0.3582763671875
3545,0.45159912109375,0.36431884765625,0.18408203125
3546,0.53125,0.34771728515625,0.12103271484375
3547,0.56878662109375,0.20770263671875,0.2235107421875
3548,0.37109375,0.34832763671875,0.28057861328125
3549,0.2327880859375,0.5369873046875,0.230224609375
3550,0.19122314453125,0.517822265625,0.29095458984375
3551,0.17816162109375,0.4310302734375,0.39080810546875
3552,0.16070556640625,0.48516845703125,0.3541259765625
3553,0.378173828125,0.41412353515625,0.20770263671875
3554,0.3331298828125,0.48602294921875,0.18084716796875
3555,0.568603515625,0.3934326171875,0.0379638671875
3556,0.4910888671875,0.45086669921875,0.05804443359375
3557,0.28106689453125,0.348388671875,0.37054443359375
3558,0.18414306640625,0.6715087890625,0.14434814453125
3559,0.32354736328125,0.41595458984375,0.260498046875
3560,0.2603759765625,0.3619384765625,0.377685546875
3561,0.306396484375,0.41644287109375,0.27716064453125
3562,0.20684814453125,0.48504638671875,0.30810546875
3563,0.166748046875,0.4595947265625,0.3736572265625
3564,0.36492919921875,0.31414794921875,0.3209228515625
3565,0.38934326171875,0.393310546875,0.21734619140625
3566,0.6436767578125,0.20562744140625,0.15069580078125
3567,0.432861328125,0.35955810546875,0.20758056640625
3568,0.17034912109375,0.48480224609375,0.3448486328125
3569,0.4041748046875,0.40606689453125,0.18975830078125
3570,0.51043701171875,0.2080078125,0.28155517578125
3571,0.37530517578125,0.453369140625,0.17132568359375
3572,0.3497314453125,0.37939453125,0.2708740234375
3573,0.2525634765625,0.44207763671875,0.30535888671875
3574,0.24298095703125,0.5218505859375,0.23516845703125
3575,0.3927001953125,0.37628173828125,0.23101806640625
3576,0.3505859375,0.3760986328125,0.2733154296875
3577,0.1458740234375,0.439453125,0.4146728515625
3578,0.4019775390625,0.3314208984375,0.2666015625
3579,0.29742431640625,0.42108154296875,0.281494140625
3580,0.4171142578125,0.4075927734375,0.17529296875
3581,0.2802734375,0.49798583984375,0.22174072265625
3582,0.23016357421875,0.5367431640625,0.23309326171875
3583,0.26812744140625,0.39166259765625,0.3402099609375
3584,0.1865234375,0.47784423828125,0.33563232421875
3585,0.32012939453125,0.27838134765625,0.4014892578125
3586,0.15057373046875,0.481201171875,0.36822509765625
3587,0.48541259765625,0.23040771484375,0.2841796875
3588,0.44268798828125,0.35107421875,0.20623779296875
3589,0.2718505859375,0.46734619140625,0.26080322265625
3590,0.28985595703125,0.4151611328125,0.29498291015625
3591,0.16192626953125,0.53314208984375,0.304931640625
3592,0.0960693359375,0.49609375,0.4078369140625
3593,0.281005859375,0.32586669921875,0.39312744140625
3594,0.1761474609375,0.60931396484375,0.21453857421875
3595,0.29248046875,0.31341552734375,0.39410400390625
3596,0.170166015625,0.7542724609375,0.0755615234375
3597,0.38970947265625,0.1710205078125,0.43927001953125
3598,0.23345947265625,0.3966064453125,0.36993408203125
3599,0.17657470703125,0.51605224609375,0.307373046875
3600,0.13885498046875,0.5489501953125,0.31219482421875
3601,0.39910888671875,0.4356689453125,0.16522216796875
3602,0.4757080078125,0.45855712890625,0.06573486328125
3603,0.54150390625,0.251220703125,0.207275390625
3604,0.60113525390625,0.24755859375,0.15130615234375
3605,0.30377197265625,0.5224609375,0.17376708984375
3606,0.4244384765625,0.18609619140625,0.38946533203125
3607,0.1395263671875,0.62933349609375,0.23114013671875
3608,0.2376708984375,0.50079345703125,0.26153564453125
3609,0.0665283203125,0.6246337890625,0.308837890625
3610,0.18780517578125,0.51019287109375,0.302001953125
3611,0.3309326171875,0.57537841796875,0.09368896484375
3612,0.33795166015625,0.24517822265625,0.4168701171875
3613,0.6053466796875,0.185302734375,0.2093505859375
3614,0.25518798828125,0.41845703125,0.32635498046875
3615,0.20672607421875,0.43756103515625,0.355712890625
3616,0.1484375,0.50543212890625,0.34613037109375
3617,0.22735595703125,0.56146240234375,0.211181640625
3618,0.2952880859375,0.5458984375,0.1588134765625
3619,0.3304443359375,0.35821533203125,0.31134033203125
3620,0.38623046875,0.3580322265625,0.2557373046875
3621,0.1419677734375,0.48455810546875,0.37347412109375
3622,0.18267822265625,0.625244140625,0.19207763671875
3623,0.16192626953125,0.552978515625,0.28509521484375
3624,0.62078857421875,0.19268798828125,0.1865234375
3625,0.38720703125,0.3187255859375,0.2940673828125
3626,0.31109619140625,0.48809814453125,0.2008056640625
3627,0.36273193359375,0.32049560546875,0.3167724609375
3628,0.106689453125,0.4356689453125,0.4576416015625
3629,0.253662109375,0.502685546875,0.24365234375
3630,0.43121337890625,0.27642822265625,0.2923583984375
3631,0.2889404296875,0.5087890625,0.2022705078125
3632,0.261474609375,0.49554443359375,0.24298095703125
3633,0.2559814453125,0.40771484375,0.3363037109375
3634,0.14385986328125,0.3533935546875,0.50274658203125
3635,0.0640869140625,0.56561279296875,0.37030029296875
3636,0.0361328125,0.57476806640625,0.38909912109375
3637,0.44647216796875,0.285888671875,0.26763916015625
3638,0.1480712890625,0.55657958984375,0.29534912109375
3639,0.07220458984375,0.6180419921875,0.30975341796875
3640,0.34429931640625,0.34552001953125,0.3101806640625
3641,0.3929443359375,0.275390625,0.3316650390625
3642,0.2646484375,0.402587890625,0.332763671875
3643,0.267333984375,0.38922119140625,0.34344482421875
3644,0.2852783203125,0.3409423828125,0.373779296875
3645,0.36676025390625,0.2379150390625,0.39532470703125
3646,0.54443359375,0.33465576171875,0.12091064453125
3647,0.58416748046875,0.318115234375,0.09771728515625
3648,0.52490234375,0.3428955078125,0.1322021484375
3649,0.31365966796875,0.40362548828125,0.28271484375
3650,0.4208984375,0.429931640625,0.149169921875
3651,0.4180908203125,0.39013671875,0.1917724609375
3652,0.31585693359375,0.34674072265625,0.33740234375
3653,0.2698974609375,0.3682861328125,0.36181640625
3654,0.21844482421875,0.3502197265625,0.43133544921875
3655,0.1507568359375,0.138916015625,0.7103271484375
3656,0.08563232421875,0.0736083984375,0.84075927734375
3657,0.56781005859375,0.24749755859375,0.1846923828125
3658,0.39154052734375,0.34710693359375,0.2613525390625
3659,0.29156494140625,0.42864990234375,0.27978515625
3660,0.41156005859375,0.3931884765625,0.19525146484375
3661,0.14544677734375,0.3580322265625,0.49652099609375
3662,0.12322998046875,0.54412841796875,0.3326416015625
3663,0.19842529296875,0.5108642578125,0.29071044921875
3664,0.23822021484375,0.4068603515625,0.35491943359375
3665,0.2884521484375,0.5084228515625,0.203125
3666,0.52978515625,0.09393310546875,0.37628173828125
3667,0.2371826171875,0.18682861328125,0.57598876953125
3668,0.6136474609375,0.22418212890625,0.16217041015625
3669,0.42034912109375,0.3128662109375,0.26678466796875
3670,0.5645751953125,0.2939453125,0.1414794921875
3671,0.49969482421875,0.36712646484375,0.1331787109375
3672,0.24102783203125,0.45648193359375,0.302490234375
3673,0.4022216796875,0.412353515625,0.1854248046875
3674,0.29962158203125,0.35113525390625,0.3492431640625
3675,0.42718505859375,0.32568359375,0.24713134765625
3676,0.3812255859375,0.53900146484375,0.07977294921875
3677,0.214111328125,0.42327880859375,0.36260986328125
3678,0.33160400390625,0.45855712890625,0.2098388671875
3679,0.39459228515625,0.4073486328125,0.19805908203125
3680,0.3369140625,0.459716796875,0.203369140625
3681,0.47027587890625,0.3896484375,0.14007568359375
3682,0.4637451171875,0.18536376953125,0.35089111328125
3683,0.458740234375,0.43890380859375,0.10235595703125
3684,0.49261474609375,0.24224853515625,0.26513671875
3685,0.48095703125,0.3428955078125,0.1761474609375
3686,0.4454345703125,0.37701416015625,0.17755126953125
3687,0.4722900390625,0.235107421875,0.2926025390625
3688,0.3878173828125,0.4383544921875,0.173828125
3689,0.33905029296875,0.4449462890625,0.21600341796875
3690,0.3397216796875,0.43572998046875,0.22454833984375
3691,0.45245361328125,0.39447021484375,0.153076171875
3692,0.12762451171875,0.41192626953125,0.46044921875
3693,0.3533935546875,0.30865478515625,0.33795166015625
3694,0.40423583984375,0.2066650390625,0.38909912109375
3695,0.14862060546875,0.4063720703125,0.44500732421875
3696,0.231201171875,0.20977783203125,0.55902099609375
3697,0.28997802734375,0.48577880859375,0.2242431640625
3698,0.46038818359375,0.3629150390625,0.17669677734375
3699,0.3487548828125,0.4317626953125,0.219482421875
3700,0.49676513671875,0.26019287109375,0.2430419921875
3701,0.49603271484375,0.28131103515625,0.22265625
3702,0.2542724609375,0.3385009765625,0.4072265625
3703,0.1915283203125,0.5301513671875,0.2783203125
3704,0.42437744140625,0.402587890625,0.17303466796875
3705,0.21124267578125,0.4698486328125,0.31890869140625
3706,0.36297607421875,0.3197021484375,0.31732177734375
3707,0.30157470703125,0.45587158203125,0.2425537109375
3708,0.16668701171875,0.36480712890625,0.468505859375
3709,0.42034912109375,0.37567138671875,0.2039794921875
3710,0.22259521484375,0.42413330078125,0.353271484375
3711,0.23760986328125,0.35418701171875,0.408203125
3712,0.65887451171875,0.229736328125,0.11138916015625
3713,0.35357666015625,0.4998779296875,0.14654541015625
3714,0.4886474609375,0.384765625,0.1265869140625
3715,0.54638671875,0.2623291015625,0.1912841796875
3716,0.30712890625,0.4490966796875,0.2437744140625
3717,0.11700439453125,0.59356689453125,0.2894287109375
3718,0.2674560546875,0.44244384765625,0.29010009765625
3719,0.59967041015625,0.35443115234375,0.0458984375
3720,0.4676513671875,0.39312744140625,0.13922119140625
3721,0.15606689453125,0.2874755859375,0.55645751953125
3722,0.40972900390625,0.4102783203125,0.17999267578125
3723,0.44512939453125,0.329345703125,0.22552490234375
3724,0.5223388671875,0.28863525390625,0.18902587890625
3725,0.27587890625,0.43341064453125,0.29071044921875
3726,0.2158203125,0.439697265625,0.344482421875
3727,0.19195556640625,0.47601318359375,0.33203125
3728,0.36187744140625,0.50225830078125,0.1358642578125
3729,0.220458984375,0.45770263671875,0.32183837890625
3730,0.1231689453125,0.6392822265625,0.237548828125
3731,0.2864990234375,0.48199462890625,0.23150634765625
3732,0.28509521484375,0.40948486328125,0.305419921875
3733,0.33807373046875,0.35333251953125,0.30859375
3734,0.121337890625,0.514892578125,0.36376953125
3735,0.181396484375,0.32177734375,0.496826171875
3736,0.3525390625,0.25555419921875,0.39190673828125
3737,0.34197998046875,0.3807373046875,0.27728271484375
3738,0.2376708984375,0.13677978515625,0.62554931640625
3739,0.0457763671875,0.409912109375,0.5443115234375
3740,0.26300048828125,0.4735107421875,0.26348876953125
3741,0.08160400390625,0.6510009765625,0.26739501953125
3742,0.3848876953125,0.178955078125,0.4361572265625
3743,0.394775390625,0.25726318359375,0.34796142578125
3744,0.312744140625,0.36962890625,0.317626953125
3745,0.239501953125,0.34613037109375,0.41436767578125
3746,0.1773681640625,0.2939453125,0.5286865234375
3747,0.2442626953125,0.4945068359375,0.26123046875
3748,0.44677734375,0.32196044921875,0.23126220703125
3749,0.202392578125,0.38800048828125,0.40960693359375
3750,0.08203125,0.34033203125,0.57763671875
3751,0.04156494140625,0.68927001953125,0.2691650390625
3752,0.3916015625,0.452392578125,0.156005859375
3753,0.47882080078125,0.10089111328125,0.4202880859375
3754,0.1519775390625,0.3468017578125,0.501220703125
3755,0.1522216796875,0.145751953125,0.7020263671875
3756,0.32501220703125,0.41131591796875,0.263671875
3757,0.26983642578125,0.3031005859375,0.42706298828125
3758,0.26861572265625,0.51165771484375,0.2197265625
3759,0.278564453125,0.3760986328125,0.3453369140625
3760,0.2613525390625,0.4676513671875,0.27099609375
3761,0.11810302734375,0.53875732421875,0.3431396484375
3762,0.2880859375,0.41497802734375,0.29693603515625
3763,0.070068359375,0.6744384765625,0.2554931640625
3764,0.19012451171875,0.35369873046875,0.4561767578125
3765,0.23394775390625,0.3604736328125,0.40557861328125
3766,0.52728271484375,0.20233154296875,0.2703857421875
3767,0.1004638671875,0.30914306640625,0.59039306640625
3768,0.15863037109375,0.35955810546875,0.4818115234375
3769,0.1156005859375,0.6234130859375,0.260986328125
3770,0.25634765625,0.6375732421875,0.1060791015625
3771,0.74188232421875,0.1973876953125,0.06072998046875
3772,0.64556884765625,0.2412109375,0.11322021484375
3773,0.36126708984375,0.38201904296875,0.2567138671875
3774,0.3359375,0.3758544921875,0.2882080078125
3775,0.11480712890625,0.51690673828125,0.3682861328125
3776,0.2496337890625,0.36138916015625,0.38897705078125
3777,0.25640869140625,0.48724365234375,0.25634765625
3778,0.36920166015625,0.39874267578125,0.2320556640625
3779,0.2325439453125,0.6900634765625,0.077392578125
3780,0.05352783203125,0.6156005859375,0.33087158203125
3781,0.23004150390625,0.67303466796875,0.096923828125
3782,0.2183837890625,0.47247314453125,0.30914306640625
3783,0.29766845703125,0.43341064453125,0.2689208984375
3784,0.4188232421875,0.3641357421875,0.217041015625
3785,0.175048828125,0.45684814453125,0.36810302734375
3786,0.5003662109375,0.31256103515625,0.18707275390625
3787,0.4322509765625,0.43792724609375,0.12982177734375
3788,0.210693359375,0.479736328125,0.3095703125
3789,0.42547607421875,0.3634033203125,0.21112060546875
3790,0.20379638671875,0.47198486328125,0.32421875
3791,0.11163330078125,0.42852783203125,0.4598388671875
3792,0.3311767578125,0.515380859375,0.1534423828125
3793,0.35345458984375,0.2987060546875,0.34783935546875
3794,0.29974365234375,0.45892333984375,0.2413330078125
3795,0.35009765625,0.43780517578125,0.21209716796875
3796,0.39141845703125,0.38079833984375,0.227783203125
3797,0.2816162109375,0.50006103515625,0.21832275390625
3798,0.3587646484375,0.15289306640625,0.48834228515625
3799,0.41766357421875,0.40966796875,0.17266845703125
3800,0.45306396484375,0.4150390625,0.13189697265625
3801,0.212158203125,0.448974609375,0.3388671875
3802,0.09375,0.26336669921875,0.64288330078125
3803,0.41326904296875,0.322509765625,0.26422119140625
3804,0.3985595703125,0.3736572265625,0.227783203125
3805,0.24517822265625,0.47174072265625,0.2830810546875
3806,0.16534423828125,0.62176513671875,0.212890625
3807,0.18243408203125,0.4837646484375,0.33380126953125
3808,0.25054931640625,0.60980224609375,0.1396484375
3809,0.1474609375,0.38128662109375,0.47125244140625
3810,0.1279296875,0.28338623046875,0.58868408203125
3811,0.37353515625,0.37261962890625,0.25384521484375
3812,0.2650146484375,0.451171875,0.2838134765625
3813,0.2989501953125,0.3408203125,0.3602294921875
3814,0.32586669921875,0.05682373046875,0.6173095703125
3815,0.17987060546875,0.373291015625,0.44683837890625
3816,0.29876708984375,0.48681640625,0.21441650390625
3817,0.34478759765625,0.39654541015625,0.2586669921875
3818,0.26971435546875,0.4090576171875,0.32122802734375
3819,0.56866455078125,0.39031982421875,0.041015625
3820,0.28973388671875,0.39434814453125,0.31591796875
3821,0.35931396484375,0.37176513671875,0.2689208984375
3822,0.499755859375,0.14447021484375,0.35577392578125
3823,0.33624267578125,0.4278564453125,0.23590087890625
3824,0.3470458984375,0.488037109375,0.1649169921875
3825,0.3406982421875,0.45013427734375,0.20916748046875
3826,0.37225341796875,0.41217041015625,0.215576171875
3827,0.32269287109375,0.32196044921875,0.3553466796875
3828,0.34454345703125,0.2513427734375,0.40411376953125
3829,0.46856689453125,0.34442138671875,0.18701171875
3830,0.4293212890625,0.366455078125,0.2042236328125
3831,0.314453125,0.42999267578125,0.25555419921875
3832,0.6390380859375,0.3524169921875,0.008544921875
3833,0.3060302734375,0.59051513671875,0.10345458984375
3834,0.316650390625,0.3841552734375,0.2991943359375
3835,0.21234130859375,0.42584228515625,0.36181640625
3836,0.25384521484375,0.43646240234375,0.3096923828125
3837,0.1683349609375,0.33624267578125,0.49542236328125
3838,0.24981689453125,0.42578125,0.32440185546875
3839,0.3438720703125,0.36883544921875,0.28729248046875
3840,0.30035400390625,0.517822265625,0.18182373046875
3841,0.28656005859375,0.2099609375,0.50347900390625
3842,0.07568359375,0.47119140625,0.453125
3843,0.05517578125,0.58984375,0.35498046875
3844,0.188232421875,0.287841796875,0.52392578125
3845,0.17596435546875,0.35748291015625,0.466552734375
3846,0.19732666015625,0.4232177734375,0.37945556640625
3847,0.15948486328125,0.45892333984375,0.381591796875
3848,0.15338134765625,0.440185546875,0.40643310546875
3849,0.3570556640625,0.33685302734375,0.30609130859375
3850,0.33740234375,0.43341064453125,0.22918701171875
3851,0.4237060546875,0.3289794921875,0.247314453125
3852,0.5048828125,0.36016845703125,0.13494873046875
3853,0.7259521484375,0.23651123046875,0.03753662109375
3854,0.26800537109375,0.14312744140625,0.5888671875
3855,0.243408203125,0.42572021484375,0.33087158203125
3856,0.5130615234375,0.47271728515625,0.01422119140625
3857,0.46295166015625,0.450439453125,0.08660888671875
3858,0.145751953125,0.4775390625,0.376708984375
3859,0.06390380859375,0.61572265625,0.32037353515625
3860,0.325439453125,0.3848876953125,0.2896728515625
3861,0.32965087890625,0.5096435546875,0.16070556640625
3862,0.2459716796875,0.52783203125,0.2261962890625
3863,0.33770751953125,0.433349609375,0.22894287109375
3864,0.3558349609375,0.33868408203125,0.30548095703125
3865,0.40191650390625,0.3260498046875,0.27203369140625
3866,0.086669921875,0.67559814453125,0.23773193359375
3867,0.2257080078125,0.2613525390625,0.512939453125
3868,0.65557861328125,0.2105712890625,0.13385009765625
3869,0.059814453125,0.69287109375,0.247314453125
3870,0.15087890625,0.6475830078125,0.2015380859375
3871,0.27777099609375,0.311767578125,0.41046142578125
3872,0.41143798828125,0.417724609375,0.17083740234375
3873,0.2911376953125,0.2689208984375,0.43994140625
3874,0.3028564453125,0.40399169921875,0.29315185546875
3875,0.3275146484375,0.2318115234375,0.440673828125
3876,0.16644287109375,0.36614990234375,0.4674072265625
3877,0.28680419921875,0.36260986328125,0.3505859375
3878,0.1700439453125,0.4052734375,0.4246826171875
3879,0.034912109375,0.7296142578125,0.2354736328125
3880,0.33514404296875,0.36907958984375,0.2957763671875
3881,0.277099609375,0.39251708984375,0.33038330078125
3882,0.4913330078125,0.34130859375,0.1673583984375
3883,0.26446533203125,0.28692626953125,0.4486083984375
3884,0.52178955078125,0.3212890625,0.15692138671875
3885,0.3284912109375,0.4158935546875,0.255615234375
3886,0.2684326171875,0.42974853515625,0.30181884765625
3887,0.06842041015625,0.70159912109375,0.22998046875
3888,0.49810791015625,0.3016357421875,0.20025634765625
3889,0.36297607421875,0.3309326171875,0.30609130859375
3890,0.257568359375,0.34161376953125,0.40081787109375
3891,0.48040771484375,0.47393798828125,0.045654296875
3892,0.43511962890625,0.37957763671875,0.185302734375
3893,0.325927734375,0.35015869140625,0.32391357421875
3894,0.349853515625,0.25653076171875,0.39361572265625
3895,0.26763916015625,0.32733154296875,0.405029296875
3896,0.35888671875,0.3154296875,0.32568359375
3897,0.1082763671875,0.4146728515625,0.47705078125
3898,0.20941162109375,0.50408935546875,0.2864990234375
3899,0.2066650390625,0.5849609375,0.2083740234375
3900,0.14349365234375,0.2265625,0.62994384765625
3901,0.254638671875,0.3779296875,0.367431640625
3902,0.07733154296875,0.45306396484375,0.4696044921875
3903,0.53167724609375,0.32501220703125,0.143310546875
3904,0.43695068359375,0.34686279296875,0.2161865234375
3905,0.079833984375,0.4691162109375,0.4510498046875
3906,0.0401611328125,0.4986572265625,0.461181640625
3907,0.4727783203125,0.41729736328125,0.10992431640625
3908,0.44244384765625,0.44818115234375,0.109375
3909,0.51751708984375,0.334716796875,0.14776611328125
3910,0.28533935546875,0.4588623046875,0.25579833984375
3911,0.37860107421875,0.31591796875,0.30548095703125
3912,0.48260498046875,0.35650634765625,0.160888671875
3913,0.21917724609375,0.43853759765625,0.34228515625
3914,0.2735595703125,0.34808349609375,0.37835693359375
3915,0.16650390625,0.5233154296875,0.3101806640625
3916,0.4547119140625,0.35443115234375,0.19085693359375
3917,0.1334228515625,0.51165771484375,0.35491943359375
3918,0.33746337890625,0.52301025390625,0.1395263671875
3919,0.12127685546875,0.57720947265625,0.301513671875
3920,0.36444091796875,0.32159423828125,0.31396484375
3921,0.17730712890625,0.51043701171875,0.312255859375
3922,0.24957275390625,0.443359375,0.30706787109375
3923,0.41229248046875,0.28558349609375,0.3021240234375
3924,0.34112548828125,0.3355712890625,0.32330322265625
3925,0.30224609375,0.39410400390625,0.30364990234375
3926,0.40203857421875,0.121337890625,0.47662353515625
3927,0.1595458984375,0.6199951171875,0.220458984375
3928,0.35223388671875,0.4052734375,0.24249267578125
3929,0.13214111328125,0.53936767578125,0.3284912109375
3930,0.58489990234375,0.1766357421875,0.23846435546875
3931,0.439453125,0.21966552734375,0.34088134765625
3932,0.36602783203125,0.50897216796875,0.125
3933,0.27838134765625,0.45538330078125,0.2662353515625
3934,0.2171630859375,0.46319580078125,0.31964111328125
3935,0.19464111328125,0.53631591796875,0.26904296875
3936,0.3836669921875,0.2803955078125,0.3359375
3937,0.19659423828125,0.2059326171875,0.59747314453125
3938,0.10955810546875,0.60205078125,0.28839111328125
3939,0.447998046875,0.3822021484375,0.1697998046875
3940,0.29510498046875,0.44708251953125,0.2578125
3941,0.32861328125,0.35968017578125,0.31170654296875
3942,0.55987548828125,0.2274169921875,0.21270751953125
3943,0.53326416015625,0.2283935546875,0.23834228515625
3944,0.54705810546875,0.25311279296875,0.1998291015625
3945,0.3909912109375,0.4471435546875,0.161865234375
3946,0.2618408203125,0.46600341796875,0.27215576171875
3947,0.49755859375,0.26800537109375,0.23443603515625
3948,0.47003173828125,0.31695556640625,0.2130126953125
3949,0.3074951171875,0.35003662109375,0.34246826171875
3950,0.41571044921875,0.338134765625,0.24615478515625
3951,0.098876953125,0.643310546875,0.2578125
3952,0.1732177734375,0.499755859375,0.3270263671875
3953,0.39794921875,0.33203125,0.27001953125
3954,0.356201171875,0.35089111328125,0.29290771484375
3955,0.40667724609375,0.14501953125,0.44830322265625
3956,0.65411376953125,0.26507568359375,0.080810546875
3957,0.26641845703125,0.3662109375,0.36737060546875
3958,0.32904052734375,0.24859619140625,0.42236328125
3959,0.41094970703125,0.46954345703125,0.1195068359375
3960,0.3533935546875,0.38433837890625,0.26226806640625
3961,0.24603271484375,0.316162109375,0.43780517578125
3962,0.421875,0.2894287109375,0.2886962890625
3963,0.15118408203125,0.46282958984375,0.385986328125
3964,0.47320556640625,0.38739013671875,0.139404296875
3965,0.287353515625,0.42486572265625,0.28778076171875
3966,0.26727294921875,0.33367919921875,0.3990478515625
3967,0.45587158203125,0.419677734375,0.12445068359375
3968,0.3162841796875,0.373779296875,0.3099365234375
3969,0.2178955078125,0.3822021484375,0.39990234375
3970,0.4161376953125,0.17120361328125,0.41265869140625
3971,0.4332275390625,0.3433837890625,0.223388671875
3972,0.4073486328125,0.265869140625,0.3267822265625
3973,0.57525634765625,0.400390625,0.02435302734375
3974,0.52001953125,0.31231689453125,0.16766357421875
3975,0.137451171875,0.3790283203125,0.4835205078125
3976,0.0689697265625,0.64251708984375,0.28851318359375
3977,0.30023193359375,0.46923828125,0.23052978515625
3978,0.43798828125,0.42864990234375,0.13336181640625
3979,0.26507568359375,0.44427490234375,0.2906494140625
3980,0.54345703125,0.29986572265625,0.15667724609375
3981,0.28125,0.38311767578125,0.33563232421875
3982,0.34759521484375,0.38104248046875,0.2713623046875
3983,0.23614501953125,0.4307861328125,0.33306884765625
3984,0.2696533203125,0.6463623046875,0.083984375
3985,0.4710693359375,0.32855224609375,0.20037841796875
3986,0.32110595703125,0.2861328125,0.39276123046875
3987,0.29547119140625,0.36016845703125,0.3443603515625
3988,0.2301025390625,0.40167236328125,0.36822509765625
3989,0.542724609375,0.24615478515625,0.21112060546875
3990,0.3768310546875,0.32647705078125,0.29669189453125
3991,0.48406982421875,0.27716064453125,0.23876953125
3992,0.2943115234375,0.421142578125,0.2845458984375
3993,0.40399169921875,0.25433349609375,0.3416748046875
3994,0.41162109375,0.3824462890625,0.2059326171875
3995,0.36785888671875,0.5927734375,0.03936767578125
3996,0.44866943359375,0.52099609375,0.03033447265625
3997,0.27581787109375,0.38525390625,0.33892822265625
3998,0.3563232421875,0.49688720703125,0.14678955078125
3999,0.21063232421875,0.49468994140625,0.294677734375
4000,0.22125244140625,0.59918212890625,0.1795654296875
4001,0.5289306640625,0.3358154296875,0.13525390625
4002,0.34674072265625,0.3529052734375,0.30035400390625
4003,0.183837890625,0.29998779296875,0.51617431640625
4004,0.0975341796875,0.6114501953125,0.291015625
4005,0.29510498046875,0.47027587890625,0.234619140625
4006,0.0604248046875,0.63055419921875,0.30902099609375
4007,0.4669189453125,0.34564208984375,0.18743896484375
4008,0.49224853515625,0.36968994140625,0.1380615234375
4009,0.34735107421875,0.3411865234375,0.31146240234375
4010,0.52978515625,0.3040771484375,0.1661376953125
4011,0.4044189453125,0.36126708984375,0.23431396484375
4012,0.1986083984375,0.4228515625,0.3785400390625
4013,0.2088623046875,0.39013671875,0.4010009765625
4014,0.2620849609375,0.29638671875,0.4415283203125
4015,0.22625732421875,0.61260986328125,0.1611328125
4016,0.25201416015625,0.48052978515625,0.2674560546875
4017,0.58648681640625,0.36102294921875,0.052490234375
4018,0.3192138671875,0.472900390625,0.2078857421875
4019,0.1988525390625,0.5076904296875,0.29345703125
4020,0.2607421875,0.24151611328125,0.49774169921875
4021,0.08197021484375,0.4737548828125,0.44427490234375
4022,0.03802490234375,0.5865478515625,0.37542724609375
4023,0.22332763671875,0.28118896484375,0.4954833984375
4024,0.33544921875,0.3177490234375,0.3468017578125
4025,0.0885009765625,0.521240234375,0.3902587890625
4026,0.216064453125,0.34368896484375,0.44024658203125
4027,0.37872314453125,0.14947509765625,0.4718017578125
4028,0.17352294921875,0.35577392578125,0.470703125
4029,0.49053955078125,0.42218017578125,0.0872802734375
4030,0.07073974609375,0.38861083984375,0.5406494140625
4031,0.267822265625,0.33062744140625,0.40155029296875
4032,0.57073974609375,0.33978271484375,0.0894775390625
4033,0.195068359375,0.48858642578125,0.31634521484375
4034,0.20819091796875,0.60955810546875,0.1822509765625
4035,0.3250732421875,0.40240478515625,0.27252197265625
4036,0.28692626953125,0.31842041015625,0.3946533203125
4037,0.22900390625,0.48724365234375,0.28375244140625
4038,0.511962890625,0.3802490234375,0.1077880859375
4039,0.369873046875,0.46697998046875,0.16314697265625
4040,0.50604248046875,0.12213134765625,0.371826171875
4041,0.25390625,0.4072265625,0.3388671875
4042,0.10546875,0.4423828125,0.4521484375
4043,0.21099853515625,0.35162353515625,0.4373779296875
4044,0.136962890625,0.5665283203125,0.2965087890625
4045,0.3167724609375,0.48046875,0.2027587890625
4046,0.31365966796875,0.20916748046875,0.4771728515625
4047,0.4080810546875,0.38800048828125,0.20391845703125
4048,0.20208740234375,0.552734375,0.24517822265625
4049,0.38470458984375,0.39093017578125,0.224365234375
4050,0.56988525390625,0.24505615234375,0.18505859375
4051,0.2911376953125,0.4454345703125,0.263427734375
4052,0.23272705078125,0.474853515625,0.29241943359375
4053,0.1903076171875,0.5135498046875,0.296142578125
4054,0.3970947265625,0.343994140625,0.2589111328125
4055,0.2545166015625,0.5296630859375,0.2158203125
4056,0.27362060546875,0.36328125,0.36309814453125
4057,0.19830322265625,0.48345947265625,0.3182373046875
4058,0.3184814453125,0.42706298828125,0.25445556640625
4059,0.562255859375,0.25909423828125,0.17864990234375
4060,0.5933837890625,0.2177734375,0.1888427734375
4061,0.23443603515625,0.417724609375,0.34783935546875
4062,0.20428466796875,0.286376953125,0.50933837890625
4063,0.58221435546875,0.22650146484375,0.1912841796875
4064,0.3004150390625,0.29693603515625,0.40264892578125
4065,0.48028564453125,0.41357421875,0.10614013671875
4066,0.3533935546875,0.2391357421875,0.407470703125
4067,0.69989013671875,0.05792236328125,0.2421875
4068,0.21588134765625,0.448486328125,0.33563232421875
4069,0.62493896484375,0.07769775390625,0.29736328125
4070,0.4593505859375,0.51898193359375,0.02166748046875
4071,0.330078125,0.28955078125,0.38037109375
4072,0.42828369140625,0.1737060546875,0.39801025390625
4073,0.67425537109375,0.2843017578125,0.04144287109375
4074,0.22113037109375,0.37359619140625,0.4052734375
4075,0.3052978515625,0.313232421875,0.3814697265625
4076,0.46990966796875,0.43267822265625,0.097412109375
4077,0.31719970703125,0.39971923828125,0.2830810546875
4078,0.35174560546875,0.41900634765625,0.229248046875
4079,0.07244873046875,0.21502685546875,0.7125244140625
4080,0.31689453125,0.52752685546875,0.15557861328125
4081,0.20489501953125,0.4620361328125,0.33306884765625
4082,0.0953369140625,0.4610595703125,0.443603515625
4083,0.263916015625,0.38616943359375,0.34991455078125
4084,0.2188720703125,0.3043212890625,0.476806640625
4085,0.0860595703125,0.5186767578125,0.395263671875
4086,0.37591552734375,0.34979248046875,0.2742919921875
4087,0.3804931640625,0.4769287109375,0.142578125
4088,0.50537109375,0.34979248046875,0.14483642578125
4089,0.12530517578125,0.6334228515625,0.24127197265625
4090,0.08392333984375,0.59765625,0.31842041015625
4091,0.36810302734375,0.44366455078125,0.188232421875
4092,0.62066650390625,0.35565185546875,0.023681640625
4093,0.48974609375,0.22735595703125,0.28289794921875
4094,0.31732177734375,0.44464111328125,0.238037109375
4095,0.41571044921875,0.32025146484375,0.2640380859375
4096,0.5865478515625,0.2054443359375,0.2080078125
4097,0.5059814453125,0.44793701171875,0.04608154296875
4098,0.32818603515625,0.35028076171875,0.321533203125
4099,0.41912841796875,0.4730224609375,0.10784912109375
4100,0.468017578125,0.4283447265625,0.1036376953125
4101,0.4571533203125,0.29046630859375,0.25238037109375
4102,0.2860107421875,0.3662109375,0.3477783203125
4103,0.39166259765625,0.3021240234375,0.30621337890625
4104,0.3046875,0.30059814453125,0.39471435546875
4105,0.4295654296875,0.31549072265625,0.25494384765625
4106,0.47589111328125,0.29742431640625,0.2266845703125
4107,0.4005126953125,0.45025634765625,0.14923095703125
4108,0.39434814453125,0.55859375,0.04705810546875
4109,0.3154296875,0.578125,0.1064453125
4110,0.31695556640625,0.2930908203125,0.38995361328125
4111,0.3253173828125,0.5181884765625,0.156494140625
4112,0.4327392578125,0.18475341796875,0.38250732421875
4113,0.38812255859375,0.45135498046875,0.1605224609375
4114,0.40631103515625,0.3795166015625,0.21417236328125
4115,0.45172119140625,0.4461669921875,0.10211181640625
4116,0.37249755859375,0.3446044921875,0.28289794921875
4117,0.1661376953125,0.6409912109375,0.19287109375
4118,0.41015625,0.3602294921875,0.2296142578125
4119,0.25799560546875,0.44549560546875,0.2965087890625
4120,0.20587158203125,0.43280029296875,0.361328125
4121,0.176025390625,0.477294921875,0.3466796875
4122,0.3536376953125,0.4102783203125,0.236083984375
4123,0.176513671875,0.216552734375,0.60693359375
4124,0.0872802734375,0.4190673828125,0.49365234375
4125,0.4954833984375,0.35028076171875,0.15423583984375
4126,0.249755859375,0.4549560546875,0.2952880859375
4127,0.409423828125,0.5509033203125,0.0396728515625
4128,0.20257568359375,0.488037109375,0.30938720703125
4129,0.2286376953125,0.42877197265625,0.34259033203125
4130,0.501220703125,0.35931396484375,0.13946533203125
4131,0.33612060546875,0.40863037109375,0.2552490234375
4132,0.42376708984375,0.3912353515625,0.18499755859375
4133,0.293212890625,0.55572509765625,0.15106201171875
4134,0.39447021484375,0.4385986328125,0.16693115234375
4135,0.458984375,0.142333984375,0.398681640625
4136,0.24566650390625,0.2735595703125,0.48077392578125
4137,0.17718505859375,0.39251708984375,0.4302978515625
4138,0.83740234375,0.123046875,0.03955078125
4139,0.1448974609375,0.35491943359375,0.50018310546875
4140,0.04730224609375,0.5557861328125,0.39691162109375
4141,0.28582763671875,0.34478759765625,0.369384765625
4142,0.36810302734375,0.35540771484375,0.2764892578125
4143,0.312744140625,0.5157470703125,0.1715087890625
4144,0.21429443359375,0.39459228515625,0.39111328125
4145,0.2127685546875,0.54931640625,0.2379150390625
4146,0.40087890625,0.3797607421875,0.2193603515625
4147,0.41168212890625,0.42340087890625,0.1649169921875
4148,0.20843505859375,0.4197998046875,0.37176513671875
4149,0.3619384765625,0.25164794921875,0.38641357421875
4150,0.1376953125,0.47021484375,0.39208984375
4151,0.402587890625,0.4444580078125,0.1529541015625
4152,0.29193115234375,0.2921142578125,0.41595458984375
4153,0.114501953125,0.517578125,0.367919921875
4154,0.25250244140625,0.4619140625,0.28558349609375
4155,0.55523681640625,0.413818359375,0.03094482421875
4156,0.076171875,0.4068603515625,0.5169677734375
4157,0.3828125,0.2874755859375,0.3297119140625
4158,0.48663330078125,0.43316650390625,0.0802001953125
4159,0.42620849609375,0.40771484375,0.16607666015625
4160,0.52484130859375,0.2841796875,0.19097900390625
4161,0.45257568359375,0.34539794921875,0.2020263671875
4162,0.239013671875,0.50714111328125,0.25384521484375
4163,0.35406494140625,0.33575439453125,0.3101806640625
4164,0.36175537109375,0.4627685546875,0.17547607421875
4165,0.45721435546875,0.2130126953125,0.32977294921875
4166,0.17431640625,0.40264892578125,0.42303466796875
4167,0.218505859375,0.4307861328125,0.3507080078125
4168,0.3890380859375,0.23736572265625,0.37359619140625
4169,0.51953125,0.45379638671875,0.02667236328125
4170,0.3790283203125,0.53851318359375,0.08245849609375
4171,0.46575927734375,0.3292236328125,0.20501708984375
4172,0.11492919921875,0.54229736328125,0.3427734375
4173,0.24578857421875,0.3145751953125,0.43963623046875
4174,0.35089111328125,0.37554931640625,0.2735595703125
4175,0.138427734375,0.36907958984375,0.49249267578125
4176,0.11639404296875,0.62835693359375,0.2552490234375
4177,0.64141845703125,0.2545166015625,0.10406494140625
4178,0.63983154296875,0.22308349609375,0.1370849609375
4179,0.3865966796875,0.1185302734375,0.494873046875
4180,0.322998046875,0.36578369140625,0.31121826171875
4181,0.41943359375,0.2646484375,0.31591796875
4182,0.4466552734375,0.35833740234375,0.19500732421875
4183,0.45416259765625,0.348876953125,0.19696044921875
4184,0.45068359375,0.28167724609375,0.26763916015625
4185,0.311767578125,0.34857177734375,0.33966064453125
4186,0.3553466796875,0.2679443359375,0.376708984375
4187,0.6068115234375,0.35357666015625,0.03961181640625
4188,0.16009521484375,0.4737548828125,0.36614990234375
4189,0.33148193359375,0.3546142578125,0.31390380859375
4190,0.3258056640625,0.415771484375,0.2584228515625
4191,0.388916015625,0.4102783203125,0.2008056640625
4192,0.41510009765625,0.2203369140625,0.36456298828125
4193,0.0626220703125,0.41473388671875,0.52264404296875
4194,0.236572265625,0.623291015625,0.14013671875
4195,0.195068359375,0.62237548828125,0.18255615234375
4196,0.30322265625,0.40472412109375,0.29205322265625
4197,0.30224609375,0.3515625,0.34619140625
4198,0.2474365234375,0.34954833984375,0.40301513671875
4199,0.19659423828125,0.34423828125,0.45916748046875
4200,0.138916015625,0.4769287109375,0.3841552734375
4201,0.35400390625,0.41485595703125,0.23114013671875
4202,0.38214111328125,0.3995361328125,0.21832275390625
4203,0.16461181640625,0.375732421875,0.45965576171875
4204,0.36474609375,0.24090576171875,0.39434814453125
4205,0.36151123046875,0.2510986328125,0.38739013671875
4206,0.61334228515625,0.2264404296875,0.16021728515625
4207,0.354736328125,0.3973388671875,0.2479248046875
4208,0.34918212890625,0.39111328125,0.25970458984375
4209,0.15240478515625,0.2515869140625,0.59600830078125
4210,0.3262939453125,0.3909912109375,0.28271484375
4211,0.4449462890625,0.40618896484375,0.14886474609375
4212,0.568359375,0.30377197265625,0.12786865234375
4213,0.46661376953125,0.52093505859375,0.012451171875
4214,0.39715576171875,0.46270751953125,0.14013671875
4215,0.21942138671875,0.443359375,0.33721923828125
4216,0.40386962890625,0.25555419921875,0.340576171875
4217,0.4735107421875,0.4039306640625,0.12255859375
4218,0.54083251953125,0.2421875,0.21697998046875
4219,0.3699951171875,0.33038330078125,0.29962158203125
4220,0.26593017578125,0.34088134765625,0.3931884765625
4221,0.37615966796875,0.33331298828125,0.29052734375
4222,0.5025634765625,0.1820068359375,0.3154296875
4223,0.26763916015625,0.37713623046875,0.355224609375
4224,0.49176025390625,0.3504638671875,0.15777587890625
4225,0.14605712890625,0.38812255859375,0.4658203125
4226,0.75408935546875,0.18890380859375,0.0570068359375
4227,0.14385986328125,0.55426025390625,0.3018798828125
4228,0.24591064453125,0.40667724609375,0.347412109375
4229,0.2154541015625,0.31500244140625,0.46954345703125
4230,0.31854248046875,0.36236572265625,0.319091796875
4231,0.1171875,0.27056884765625,0.61224365234375
4232,0.17877197265625,0.38018798828125,0.4410400390625
4233,0.37872314453125,0.366943359375,0.25433349609375
4234,0.18719482421875,0.2896728515625,0.52313232421875
4235,0.39483642578125,0.5032958984375,0.10186767578125
4236,0.61376953125,0.3115234375,0.07470703125
4237,0.477294921875,0.4267578125,0.095947265625
4238,0.56341552734375,0.369384765625,0.06719970703125
4239,0.3201904296875,0.456787109375,0.2230224609375
4240,0.46142578125,0.1678466796875,0.3707275390625
4241,0.44403076171875,0.28472900390625,0.271240234375
4242,0.5323486328125,0.262939453125,0.2047119140625
4243,0.381103515625,0.46929931640625,0.14959716796875
4244,0.46453857421875,0.43402099609375,0.1014404296875
4245,0.28521728515625,0.36761474609375,0.34716796875
4246,0.31951904296875,0.42010498046875,0.2603759765625
4247,0.35546875,0.3682861328125,0.2762451171875
4248,0.311279296875,0.33392333984375,0.35479736328125
4249,0.34149169921875,0.23388671875,0.42462158203125
4250,0.305908203125,0.3470458984375,0.3470458984375
4251,0.12298583984375,0.54296875,0.33404541015625
4252,0.25567626953125,0.33905029296875,0.4052734375
4253,0.2169189453125,0.40997314453125,0.37310791015625
4254,0.529052734375,0.28594970703125,0.18499755859375
4255,0.0875244140625,0.49749755859375,0.41497802734375
4256,0.55029296875,0.04742431640625,0.40228271484375
4257,0.25872802734375,0.45404052734375,0.2872314453125
4258,0.46124267578125,0.39813232421875,0.140625
4259,0.24560546875,0.4278564453125,0.3265380859375
4260,0.26959228515625,0.32470703125,0.40570068359375
4261,0.282958984375,0.50970458984375,0.20733642578125
4262,0.124755859375,0.4771728515625,0.3980712890625
4263,0.35662841796875,0.021728515625,0.62164306640625
4264,0.41094970703125,0.43505859375,0.15399169921875
4265,0.21417236328125,0.27032470703125,0.5155029296875
4266,0.33740234375,0.3515625,0.31103515625
4267,0.36676025390625,0.43841552734375,0.19482421875
4268,0.3485107421875,0.274169921875,0.3773193359375
4269,0.594482421875,0.39080810546875,0.01470947265625
4270,0.15960693359375,0.37908935546875,0.4613037109375
4271,0.45806884765625,0.40496826171875,0.136962890625
4272,0.26629638671875,0.7127685546875,0.02093505859375
4273,0.14569091796875,0.35577392578125,0.49853515625
4274,0.28863525390625,0.35528564453125,0.3560791015625
4275,0.287109375,0.468505859375,0.244384765625
4276,0.35394287109375,0.02880859375,0.61724853515625
4277,0.50439453125,0.2576904296875,0.2379150390625
4278,0.490478515625,0.1639404296875,0.3455810546875
4279,0.5625,0.31988525390625,0.11761474609375
4280,0.32086181640625,0.30352783203125,0.3756103515625
4281,0.0908203125,0.45416259765625,0.45501708984375
4282,0.4647216796875,0.39251708984375,0.14276123046875
4283,0.30401611328125,0.38153076171875,0.314453125
4284,0.33514404296875,0.4417724609375,0.22308349609375
4285,0.27777099609375,0.51617431640625,0.2060546875
4286,0.2889404296875,0.53717041015625,0.17388916015625
4287,0.06829833984375,0.48492431640625,0.44677734375
4288,0.20819091796875,0.31890869140625,0.472900390625
4289,0.103515625,0.42303466796875,0.47344970703125
4290,0.1630859375,0.45477294921875,0.38214111328125
4291,0.41845703125,0.335205078125,0.246337890625
4292,0.37139892578125,0.47100830078125,0.1575927734375
4293,0.181640625,0.25274658203125,0.56561279296875
4294,0.20379638671875,0.44793701171875,0.3482666015625
4295,0.18939208984375,0.62884521484375,0.1817626953125
4296,0.4208984375,0.37591552734375,0.20318603515625
4297,0.30413818359375,0.25518798828125,0.440673828125
4298,0.29766845703125,0.3525390625,0.34979248046875
4299,0.1768798828125,0.56097412109375,0.26214599609375
4300,0.34625244140625,0.37872314453125,0.2750244140625
4301,0.15020751953125,0.30523681640625,0.5445556640625
4302,0.1817626953125,0.408447265625,0.4097900390625
4303,0.58685302734375,0.26007080078125,0.153076171875
4304,0.287109375,0.4150390625,0.2978515625
4305,0.443115234375,0.34942626953125,0.20745849609375
4306,0.19659423828125,0.25244140625,0.55096435546875
4307,0.34027099609375,0.31439208984375,0.3453369140625
4308,0.31964111328125,0.459228515625,0.22113037109375
4309,0.48583984375,0.24639892578125,0.26776123046875
4310,0.45416259765625,0.22802734375,0.31781005859375
4311,0.535888671875,0.3697509765625,0.0943603515625
4312,0.31915283203125,0.40277099609375,0.278076171875
4313,0.404052734375,0.56439208984375,0.03155517578125
4314,0.6046142578125,0.2786865234375,0.11669921875
4315,0.1434326171875,0.598388671875,0.2581787109375
4316,0.1103515625,0.298095703125,0.591552734375
4317,0.17425537109375,0.48486328125,0.34088134765625
4318,0.3966064453125,0.331298828125,0.2720947265625
4319,0.40191650390625,0.33251953125,0.26556396484375
4320,0.39874267578125,0.37713623046875,0.22412109375
4321,0.330078125,0.44696044921875,0.22296142578125
4322,0.30914306640625,0.42559814453125,0.2652587890625
4323,0.4759521484375,0.354736328125,0.1693115234375
4324,0.10211181640625,0.2391357421875,0.65875244140625
4325,0.24346923828125,0.55853271484375,0.197998046875
4326,0.282958984375,0.44635009765625,0.27069091796875
4327,0.1912841796875,0.4727783203125,0.3359375
4328,0.4954833984375,0.22381591796875,0.28070068359375
4329,0.2657470703125,0.42205810546875,0.31219482421875
4330,0.0955810546875,0.60089111328125,0.30352783203125
4331,0.579345703125,0.35992431640625,0.06072998046875
4332,0.22686767578125,0.3890380859375,0.38409423828125
4333,0.39727783203125,0.289306640625,0.31341552734375
4334,0.23516845703125,0.29180908203125,0.4730224609375
4335,0.10125732421875,0.46331787109375,0.4354248046875
4336,0.28704833984375,0.4144287109375,0.29852294921875
4337,0.27520751953125,0.54119873046875,0.18359375
4338,0.18365478515625,0.5740966796875,0.24224853515625
4339,0.15631103515625,0.55120849609375,0.29248046875
4340,0.2154541015625,0.5079345703125,0.276611328125
4341,0.4825439453125,0.319580078125,0.1978759765625
4342,0.4822998046875,0.28253173828125,0.23516845703125
4343,0.1951904296875,0.52264404296875,0.28216552734375
4344,0.18682861328125,0.5740966796875,0.23907470703125
4345,0.37835693359375,0.354248046875,0.26739501953125
4346,0.42572021484375,0.41754150390625,0.15673828125
4347,0.31878662109375,0.33563232421875,0.3455810546875
4348,0.36590576171875,0.33099365234375,0.3031005859375
4349,0.53521728515625,0.341064453125,0.12371826171875
4350,0.3865966796875,0.21002197265625,0.40338134765625
4351,0.44171142578125,0.2779541015625,0.28033447265625
4352,0.154052734375,0.8199462890625,0.0260009765625
4353,0.2950439453125,0.35552978515625,0.34942626953125
4354,0.1075439453125,0.46826171875,0.4241943359375
4355,0.14031982421875,0.4288330078125,0.43084716796875
4356,0.304931640625,0.45245361328125,0.24261474609375
4357,0.28851318359375,0.376953125,0.33453369140625
4358,0.27789306640625,0.42401123046875,0.298095703125
4359,0.25616455078125,0.44757080078125,0.2962646484375
4360,0.41619873046875,0.3602294921875,0.22357177734375
4361,0.263916015625,0.36541748046875,0.37066650390625
4362,0.26593017578125,0.51324462890625,0.2208251953125
4363,0.5548095703125,0.2261962890625,0.218994140625
4364,0.16278076171875,0.3267822265625,0.51043701171875
4365,0.21209716796875,0.77630615234375,0.0115966796875
4366,0.36962890625,0.44793701171875,0.18243408203125
4367,0.1781005859375,0.3240966796875,0.497802734375
4368,0.17523193359375,0.58203125,0.24273681640625
4369,0.60791015625,0.3465576171875,0.0455322265625
4370,0.5892333984375,0.3905029296875,0.020263671875
4371,0.5445556640625,0.3831787109375,0.072265625
4372,0.55743408203125,0.2459716796875,0.19659423828125
4373,0.33563232421875,0.40875244140625,0.255615234375
4374,0.3116455078125,0.3857421875,0.3026123046875
4375,0.11962890625,0.44793701171875,0.43243408203125
4376,0.19659423828125,0.69512939453125,0.1082763671875
4377,0.3145751953125,0.52398681640625,0.16143798828125
4378,0.4716796875,0.425048828125,0.103271484375
4379,0.236083984375,0.4222412109375,0.3416748046875
4380,0.2230224609375,0.42596435546875,0.35101318359375
4381,0.39556884765625,0.42242431640625,0.1820068359375
4382,0.1864013671875,0.6072998046875,0.206298828125
4383,0.2843017578125,0.51513671875,0.2005615234375
4384,0.27081298828125,0.68902587890625,0.0401611328125
4385,0.31610107421875,0.55633544921875,0.1275634765625
4386,0.53717041015625,0.35699462890625,0.1058349609375
4387,0.19378662109375,0.3935546875,0.41265869140625
4388,0.27655029296875,0.1505126953125,0.57293701171875
4389,0.51605224609375,0.165283203125,0.31866455078125
4390,0.4644775390625,0.3912353515625,0.144287109375
4391,0.231689453125,0.71258544921875,0.05572509765625
4392,0.3643798828125,0.22772216796875,0.40789794921875
4393,0.288330078125,0.3968505859375,0.3148193359375
4394,0.6165771484375,0.29925537109375,0.08416748046875
4395,0.58441162109375,0.35693359375,0.05865478515625
4396,0.38568115234375,0.38623046875,0.22808837890625
4397,0.12994384765625,0.42401123046875,0.446044921875
4398,0.226318359375,0.38330078125,0.390380859375
4399,0.36566162109375,0.28497314453125,0.349365234375
4400,0.3189697265625,0.19488525390625,0.48614501953125
4401,0.68560791015625,0.176513671875,0.13787841796875
4402,0.04620361328125,0.60089111328125,0.3529052734375
4403,0.1719970703125,0.2845458984375,0.54345703125
4404,0.34564208984375,0.305908203125,0.34844970703125
4405,0.20587158203125,0.399169921875,0.39495849609375
4406,0.35833740234375,0.23980712890625,0.40185546875
4407,0.3133544921875,0.5098876953125,0.1767578125
4408,0.564208984375,0.26953125,0.166259765625
4409,0.33380126953125,0.396484375,0.26971435546875
4410,0.3167724609375,0.57861328125,0.1046142578125
4411,0.53363037109375,0.1505126953125,0.31585693359375
4412,0.4251708984375,0.39801025390625,0.17681884765625
4413,0.289794921875,0.4412841796875,0.2689208984375
4414,0.22308349609375,0.37786865234375,0.3990478515625
4415,0.07598876953125,0.55303955078125,0.3709716796875
4416,0.4505615234375,0.33270263671875,0.21673583984375
4417,0.16595458984375,0.4713134765625,0.36273193359375
4418,0.40509033203125,0.498291015625,0.09661865234375
4419,0.33758544921875,0.47210693359375,0.1903076171875
4420,0.18817138671875,0.4139404296875,0.39788818359375
4421,0.4808349609375,0.4005126953125,0.11865234375
4422,0.3377685546875,0.33929443359375,0.32293701171875
4423,0.71875,0.2645263671875,0.0167236328125
4424,0.30621337890625,0.33404541015625,0.3597412109375
4425,0.2818603515625,0.39239501953125,0.32574462890625
4426,0.42474365234375,0.3857421875,0.18951416015625
4427,0.2408447265625,0.34210205078125,0.41705322265625
4428,0.30474853515625,0.31866455078125,0.3765869140625
4429,0.1865234375,0.52838134765625,0.28509521484375
4430,0.1414794921875,0.46588134765625,0.39263916015625
4431,0.20404052734375,0.2218017578125,0.57415771484375
4432,0.39239501953125,0.3953857421875,0.21221923828125
4433,0.1861572265625,0.371826171875,0.4420166015625
4434,0.13519287109375,0.4444580078125,0.42034912109375
4435,0.0841064453125,0.37237548828125,0.54351806640625
4436,0.24517822265625,0.49053955078125,0.2642822265625
4437,0.21466064453125,0.32275390625,0.46258544921875
4438,0.47247314453125,0.4259033203125,0.10162353515625
4439,0.083251953125,0.5670166015625,0.3497314453125
4440,0.34197998046875,0.439697265625,0.21832275390625
4441,0.50726318359375,0.28558349609375,0.2071533203125
4442,0.56109619140625,0.32305908203125,0.1158447265625
4443,0.24493408203125,0.47735595703125,0.2777099609375
4444,0.412353515625,0.51519775390625,0.07244873046875
4445,0.4239501953125,0.37347412109375,0.20257568359375
4446,0.22705078125,0.439208984375,0.333740234375
4447,0.2152099609375,0.76629638671875,0.01849365234375
4448,0.45703125,0.2296142578125,0.3133544921875
4449,0.1556396484375,0.46905517578125,0.37530517578125
4450,0.16064453125,0.67291259765625,0.16644287109375
4451,0.5875244140625,0.2264404296875,0.18603515625
4452,0.52655029296875,0.2388916015625,0.23455810546875
4453,0.3790283203125,0.4156494140625,0.205322265625
4454,0.58837890625,0.2509765625,0.16064453125
4455,0.38531494140625,0.42706298828125,0.1876220703125
4456,0.2802734375,0.619873046875,0.099853515625
4457,0.15625,0.5582275390625,0.2855224609375
4458,0.24365234375,0.51873779296875,0.23760986328125
4459,0.049560546875,0.614501953125,0.3359375
4460,0.4210205078125,0.380615234375,0.1983642578125
4461,0.37127685546875,0.40582275390625,0.222900390625
4462,0.283447265625,0.40576171875,0.310791015625
4463,0.34039306640625,0.29632568359375,0.36328125
4464,0.5755615234375,0.20831298828125,0.21612548828125
4465,0.452880859375,0.24884033203125,0.29827880859375
4466,0.4190673828125,0.29058837890625,0.29034423828125
4467,0.19451904296875,0.6258544921875,0.17962646484375
4468,0.2388916015625,0.39752197265625,0.36358642578125
4469,0.34429931640625,0.35430908203125,0.3013916015625
4470,0.17449951171875,0.4248046875,0.40069580078125
4471,0.12481689453125,0.33428955078125,0.5408935546875
4472,0.44781494140625,0.3426513671875,0.20953369140625
4473,0.08099365234375,0.56060791015625,0.3583984375
4474,0.24365234375,0.4534912109375,0.3028564453125
4475,0.3778076171875,0.45037841796875,0.17181396484375
4476,0.359375,0.38818359375,0.25244140625
4477,0.09539794921875,0.431640625,0.47296142578125
4478,0.30145263671875,0.439208984375,0.25933837890625
4479,0.4827880859375,0.3658447265625,0.1513671875
4480,0.45965576171875,0.363525390625,0.17681884765625
4481,0.3148193359375,0.45245361328125,0.23272705078125
4482,0.4150390625,0.396240234375,0.188720703125
4483,0.39544677734375,0.4013671875,0.20318603515625
4484,0.3179931640625,0.462890625,0.2191162109375
4485,0.2684326171875,0.316650390625,0.4149169921875
4486,0.54443359375,0.297607421875,0.157958984375
4487,0.24847412109375,0.43792724609375,0.3135986328125
4488,0.30145263671875,0.346435546875,0.35211181640625
4489,0.1910400390625,0.60888671875,0.2000732421875
4490,0.20050048828125,0.43450927734375,0.364990234375
4491,0.14239501953125,0.62261962890625,0.2349853515625
4492,0.35931396484375,0.38623046875,0.25445556640625
4493,0.26873779296875,0.44171142578125,0.28955078125
4494,0.12939453125,0.55712890625,0.3134765625
4495,0.50518798828125,0.4766845703125,0.01812744140625
4496,0.3853759765625,0.3026123046875,0.31201171875
4497,0.26458740234375,0.480224609375,0.25518798828125
4498,0.25994873046875,0.4188232421875,0.32122802734375
4499,0.2042236328125,0.64825439453125,0.14752197265625
4500,0.256591796875,0.4378662109375,0.3055419921875
4501,0.1097412109375,0.59271240234375,0.29754638671875
4502,0.17364501953125,0.6859130859375,0.14044189453125
4503,0.2491455078125,0.424560546875,0.3262939453125
4504,0.5009765625,0.1724853515625,0.3265380859375
4505,0.34124755859375,0.29443359375,0.36431884765625
4506,0.17718505859375,0.37744140625,0.44537353515625
4507,0.1929931640625,0.3470458984375,0.4599609375
4508,0.24835205078125,0.403076171875,0.34857177734375
4509,0.188232421875,0.357177734375,0.45458984375
4510,0.51177978515625,0.2156982421875,0.27252197265625
4511,0.30072021484375,0.43597412109375,0.2633056640625
4512,0.3345947265625,0.40185546875,0.2635498046875
4513,0.2745361328125,0.33612060546875,0.38934326171875
4514,0.23138427734375,0.4571533203125,0.31146240234375
4515,0.139404296875,0.5087890625,0.351806640625
4516,0.297607421875,0.35748291015625,0.34490966796875
4517,0.481689453125,0.27349853515625,0.24481201171875
4518,0.50640869140625,0.1395263671875,0.35406494140625
4519,0.35089111328125,0.285888671875,0.36322021484375
4520,0.4317626953125,0.1256103515625,0.442626953125
4521,0.37445068359375,0.5018310546875,0.12371826171875
4522,0.1593017578125,0.567626953125,0.2730712890625
4523,0.76043701171875,0.17681884765625,0.062744140625
4524,0.44622802734375,0.3392333984375,0.21453857421875
4525,0.404296875,0.3388671875,0.2568359375
4526,0.24200439453125,0.4178466796875,0.34014892578125
4527,0.25054931640625,0.510498046875,0.23895263671875
4528,0.22003173828125,0.61334228515625,0.1666259765625
4529,0.32958984375,0.24932861328125,0.42108154296875
4530,0.3319091796875,0.4471435546875,0.220947265625
4531,0.27178955078125,0.404296875,0.32391357421875
4532,0.26226806640625,0.429931640625,0.30780029296875
4533,0.176513671875,0.626220703125,0.197265625
4534,0.353759765625,0.46844482421875,0.17779541015625
4535,0.31488037109375,0.20208740234375,0.4830322265625
4536,0.20391845703125,0.3043212890625,0.49176025390625
4537,0.12255859375,0.3399658203125,0.5374755859375
4538,0.20953369140625,0.30206298828125,0.4884033203125
4539,0.3507080078125,0.3470458984375,0.30224609375
4540,0.35809326171875,0.570556640625,0.07135009765625
4541,0.12744140625,0.69256591796875,0.17999267578125
4542,0.3486328125,0.47442626953125,0.17694091796875
4543,0.3009033203125,0.3162841796875,0.3828125
4544,0.23968505859375,0.41845703125,0.34185791015625
4545,0.40728759765625,0.28082275390625,0.3118896484375
4546,0.09735107421875,0.34716796875,0.55548095703125
4547,0.10150146484375,0.66900634765625,0.2294921875
4548,0.1163330078125,0.5946044921875,0.2890625
4549,0.1185302734375,0.5064697265625,0.375
4550,0.38134765625,0.23052978515625,0.38812255859375
4551,0.3790283203125,0.2694091796875,0.3515625
4552,0.11260986328125,0.415771484375,0.47161865234375
4553,0.5086669921875,0.31072998046875,0.18060302734375
4554,0.19854736328125,0.52056884765625,0.2808837890625
4555,0.2452392578125,0.5238037109375,0.23095703125
4556,0.37469482421875,0.39703369140625,0.228271484375
4557,0.49041748046875,0.42047119140625,0.089111328125
4558,0.10186767578125,0.40869140625,0.48944091796875
4559,0.52874755859375,0.06610107421875,0.4051513671875
4560,0.36663818359375,0.34893798828125,0.284423828125
